0	गर्भावस्था की पुष्टि
2	यह सच में हो रहा है। एक नन्ही सी जान ने आपके साथ अपना सफ़र शुरू कर दिया है। 🌟
3	पहली धड़कन
5	आपके शिशु का दिल धड़कने लगा है — एक शांत, स्थिर धड़कन सिर्फ़ आपके लिए। ❤️
6	पहली तिमाही पूरी
8	आपने अपने सफ़र का एक-तिहाई हिस्सा पूरा कर लिया। सबसे नाज़ुक हफ़्ते अब पीछे हैं। 🎉
9	हफ़्ता 18–20
10	पहली हलचल महसूस
12	वे पहली हल्की हलचलें — जैसे नन्ही तितलियाँ — आपका शिशु नमस्ते कह रहा है। 🦋
13	आधा सफ़र
15	आधा सफ़र पूरा। देखिए आप और आपका शिशु साथ में कितनी दूर आ चुके हैं। 🎉
16	Viability का पड़ाव
18	एक ज़रूरी पड़ाव — आपका शिशु हर दिन और मज़बूत हो रहा है। 🎉
19	तीसरी तिमाही शुरू
21	आख़िरी अध्याय शुरू। जल्द ही आप अपने नन्हे को गोद में लेंगी। 🎉
22	पूरा समय
24	आपका शिशु अब पूरे समय का है — सही वक़्त आने पर दुनिया से मिलने के लिए तैयार। 🎉
25	डिलीवरी की तारीख़
27	चालीस हफ़्तों का प्यार, ताक़त और जादू। आपका नन्हा बस आने ही वाला है। 🎉
28	हफ़्ता 6–8
29	पहला अल्ट्रासाउंड
30	यह क्यों ज़रूरी है
31	पहला स्कैन गर्भावस्था की पुष्टि करता है और अक्सर शिशु की धड़कन और आप कितने हफ़्तों की हैं यह दिखाता है।
32	आम तौर पर कब
33	आम तौर पर हफ़्ता 6 से 8 के बीच।
34	तैयारी के सुझाव
35	जल्दी वाले स्कैन में भरा bladder मदद करता है — अपने क्लिनिक से पूछिए।
36	आरामदायक, ढीले कपड़े पहनिए।
37	क्या पूछें
38	मैं कितने हफ़्तों की हूँ, और मेरी डिलीवरी की तारीख़ क्या है?
39	क्या सब कुछ ठीक से विकसित हो रहा है?
40	हफ़्ता 11–13
41	NT Scan
42	यह क्यों ज़रूरी है
43	एक routine screening scan जो शुरुआती बढ़त जाँचता है। अक्सर blood test के साथ होता है।
44	आम तौर पर कब
45	आम तौर पर हफ़्ता 11 से 13 के बीच।
46	तैयारी के सुझाव
47	अपनी पुरानी रिपोर्ट साथ ले जाइए।
48	शांत रहिए — यह आराम से होने वाला routine check है।
49	क्या पूछें
50	क्या आप कोई और screening सुझाते हैं?
51	हफ़्ता 18–22
52	Anomaly Scan
53	यह क्यों ज़रूरी है
54	एक विस्तृत स्कैन जो देखता है कि आपके शिशु के अंग और शरीर कैसे विकसित हो रहे हैं।
55	आम तौर पर कब
56	आम तौर पर हफ़्ता 18 से 22 के बीच।
57	तैयारी के सुझाव
58	यह दूसरे स्कैन से ज़्यादा वक़्त ले सकता है — थोड़ा समय रखिए।
59	आपको शिशु की मुद्रा पता चल सकती है।
60	क्या पूछें
61	क्या शिशु इस चरण के हिसाब से ठीक बढ़ रहा है?
62	Placenta की स्थिति कहाँ है?
63	हफ़्ता 24–28
64	Glucose Screening
65	यह क्यों ज़रूरी है
66	एक आसान टेस्ट जो देखता है कि गर्भावस्था में आपका शरीर sugar को कैसे सँभाल रहा है।
67	आम तौर पर कब
68	आम तौर पर हफ़्ता 24 से 28 के बीच।
69	तैयारी के सुझाव
70	क्लिनिक आपसे ख़ाली पेट आने को कह सकती है — पहले पुष्टि कर लीजिए।
71	टेस्ट के बाद के लिए एक स्नैक साथ रखिए।
72	क्या पूछें
73	टेस्ट से पहले मुझे कुछ तैयारी करनी है?
74	Growth Scan (अगर सलाह हो)
75	यह क्यों ज़रूरी है
76	अगर सलाह हो, यह स्कैन डिलीवरी की तारीख़ पास आने पर शिशु का आकार, मुद्रा और बढ़त जाँचता है।
77	आम तौर पर कब
78	लगभग हफ़्ता 32, सिर्फ़ जब डॉक्टर सलाह दें।
79	क्या पूछें
80	क्या शिशु अच्छी मुद्रा में है?
81	क्या बढ़त ठीक चल रही है?
82	जन्म की योजना वाली मुलाक़ात
83	यह क्यों ज़रूरी है
84	अपनी जन्म से जुड़ी पसंद और आख़िरी हफ़्तों में क्या उम्मीद करें, इस पर बात करने का मौक़ा।
85	आम तौर पर कब
86	लगभग हफ़्ता 36।
87	क्या पूछें
88	मुझे अस्पताल कब जाना चाहिए?
89	दर्द कम करने के क्या विकल्प हैं?
90	मैं किसी भी वक़्त किसे कॉल कर सकती हूँ?
91	हफ़्ता 36–37
92	Group B Strep Test
93	यह क्यों ज़रूरी है
94	पूरे समय के पास एक आसान swab देखता है कि आप Group B Strep साथ रखती हैं या नहीं, ताकि ज़रूरत पर टीम जन्म के समय शिशु को सुरक्षित रख सके। इसे साथ रखना आम है और आपके लिए हानिरहित है।
95	आम तौर पर कब
96	आम तौर पर हफ़्ता 36 से 37 के बीच।
97	क्या पूछें
98	अगर मैं GBS साथ रखती हूँ, तो प्रसव में क्या होगा?
99	क्या यहाँ यह टेस्ट रूटीन में होता है?
100	Embryo से Fetus
101	क्या हो रहा है
102	आपका शिशु embryo से fetus बन गया है — नन्हे हाथ-पैर और नक़्श बन रहे हैं।
103	इसका मतलब
104	बुनियादी चीज़ें बन चुकी हैं; अब सिर्फ़ बढ़ना बाक़ी है।
105	मज़ेदार बात
106	आपका शिशु अभी लगभग एक रसभरी जितना बड़ा है।
107	शिशु आवाज़ सुनता है
108	क्या हो रहा है
109	नन्हे कान बन रहे हैं और आपका शिशु आवाज़ें सुनने लगता है।
110	इसका मतलब
111	यह बात करने, गाने और हल्का संगीत सुनाने का प्यारा समय है।
112	मज़ेदार बात
113	आपकी आवाज़ उन पहली आवाज़ों में है जो आपका शिशु पहचानना सीखता है।
114	आवाज़ पर हलचल करता है
115	क्या हो रहा है
116	आपका शिशु अब आवाज़ों और आपकी आवाज़ पर हिल सकता है।
117	इसका मतलब
118	आपके और आपके नन्हे के बीच एक सच्चा दो-तरफ़ा रिश्ता बन रहा है।
119	मज़ेदार बात
120	बच्चे अक्सर उस संगीत से शांत हो जाते हैं जो उन्होंने गर्भ में बार-बार सुना हो।
121	आँखें खुलती हैं
122	क्या हो रहा है
123	आपके शिशु की आँखें अब खुल-बंद हो सकती हैं और रोशनी महसूस कर सकती हैं।
124	इसका मतलब
125	इंद्रियाँ परिपक्व हो रही हैं, बाहर की दुनिया के लिए तैयार।
126	मज़ेदार बात
127	आपके पेट पर पड़ी हल्की रोशनी की तरफ़ शिशु मुड़ सकता है।
128	साँस लेने का अभ्यास
129	क्या हो रहा है
130	आपका शिशु साँस लेने की हरकतें अभ्यास करता है, फेफड़ों को तैयार करता है।
131	इसका मतलब
132	जन्म के बाद पहली साँस के लिए ज़रूरी तैयारी।
133	मज़ेदार बात
134	अभ्यास के लिए शिशु amniotic fluid को अंदर-बाहर "साँस" लेता है।
135	सिर नीचे आ सकता है
136	क्या हो रहा है
137	कई शिशु सिर-नीचे बैठने लगते हैं, जन्म के लिए मुद्रा में आते हैं।
138	इसका मतलब
139	आपका शिशु बाहर के सफ़र की तैयारी कर रहा है। हर शिशु यह एक ही समय पर नहीं करता।
140	मज़ेदार बात
141	इस बैठने को कभी-कभी "lightening" कहते हैं।
142	सुबह की मतली अक्सर बेहतर होती है
143	कई माँएँ क्या महसूस करती हैं
144	इस समय के आस-पास, मतली अक्सर कम होने लगती है और थोड़ी ऊर्जा लौटती है।
145	भावनात्मक सहारा
146	अगर अभी भी तबीयत ठीक नहीं लग रही, तो यह भी ठीक है — हर शरीर अलग होता है।
147	अपना ख़याल
148	थोड़ा-थोड़ा, बार-बार खाइए।
149	जब भी शरीर कहे, आराम कीजिए।
150	बंप और पहली हलचल
151	कई माँएँ क्या महसूस करती हैं
152	बढ़ता बंप, पहली हलचल, और अक्सर उत्साह और जुड़ाव की एक लहर।
153	भावनात्मक सहारा
154	ख़ुशी और घबराहट दोनों महसूस होना स्वाभाविक है। दोनों का स्वागत है।
155	अपना ख़याल
156	इस हफ़्ते को याद रखने के लिए अपने बंप की फ़ोटो लीजिए।
157	हल्की हलचल जैसे चलना बहुत अच्छा लग सकता है।
158	शरीर तीसरी तिमाही के लिए तैयार
159	कई माँएँ क्या महसूस करती हैं
160	थोड़ी ज़्यादा थकान, कभी कमर दर्द, और शिशु की तेज़ हलचल।
161	भावनात्मक सहारा
162	आप बहुत कुछ सँभाल रही हैं — ख़ुद पर उतनी ही नरमी रखिए जितनी एक दोस्त पर।
163	अपना ख़याल
164	आराम करते वक़्त कमर के नीचे तकिया लगाइए।
165	दिन भर पानी पीती रहिए।
166	आख़िरी पड़ाव
167	कई माँएँ क्या महसूस करती हैं
168	इंतज़ार, घर सजाने की ऊर्जा, और कभी शिशु से मिलने की बेताबी।
169	भावनात्मक सहारा
170	आप बस पहुँचने ही वाली हैं। अपने शरीर पर भरोसा कीजिए और अपनों का सहारा लीजिए।
171	अपना ख़याल
172	थोड़ा-थोड़ा आराम कीजिए; जब मौक़ा मिले सो लीजिए।
173	अपना अस्पताल बैग तैयार रखिए।
174	30 दिन साथ
176	तीस दिन इस सफ़र में साथ चलते हुए। रिश्ता अभी से गहरा हो रहा है। ❤️
177	100 दिन साथ
179	सौ दिन प्यार, देखभाल और शांत पलों के। ❤️
180	140 दिन साथ
182	एक सौ चालीस दिन — ठीक आधे। देखिए आप कितनी दूर आ चुकी हैं। ❤️
183	200 दिन साथ
185	दो सौ दिन इस ख़ूबसूरत सफ़र के। अब बस थोड़ा और। ❤️
186	सफ़र पूरा
188	दो सौ अस्सी दिन के प्यार ने आपको यहाँ पहुँचाया। दुनिया में स्वागत है, नन्हे। ❤️
189	वज़न ट्रैकर
190	यह क्या करता है
191	गर्भावस्था में आपका वज़न हल्के से दर्ज करता है ताकि आप समय के साथ सेहतमंद, स्थिर बदलाव देख सकें।
192	यह क्यों मायने रखता है
193	स्थिर वज़न बढ़ना एक आसान संकेत है कि सब ठीक चल रहा है।
194	Kegel Care
195	यह क्या करता है
196	आसान रिमाइंडर के साथ हल्के pelvic-floor व्यायाम करवाता है।
197	यह क्यों मायने रखता है
198	मज़बूत pelvic floor अभी आपके शरीर को सहारा देता है और बाद में रिकवरी में मदद करता है।
199	शिशु हलचल ट्रैकर
200	यह क्या करता है
201	आपके शिशु की रोज़ाना हलचल के पैटर्न पर ध्यान देने में मदद करता है — गिनती का कोई दबाव नहीं।
202	यह क्यों मायने रखता है
203	अपने शिशु के लिए क्या सामान्य है यह जानना तीसरी तिमाही में सुकून देता है।
204	अस्पताल बैग प्लानर
205	यह क्या करता है
206	आपके अस्पताल बैग के लिए तैयार चेकलिस्ट — आपके, शिशु और पार्टनर के लिए।
207	यह क्यों मायने रखता है
208	पहले से पैक करना मतलब उस दिन एक कम चिंता।
209	संकुचन ट्रैकर
210	यह क्या करता है
211	आपके संकुचन और उनके बीच का समय दर्ज करता है, ताकि पता चले कब चीज़ें आगे बढ़ रही हैं।
212	यह क्यों मायने रखता है
213	साफ़ समय आपको और डॉक्टर को तय करने में मदद करता है कि कब जाना है।
