0	गर्भावस्था
1	मेरा anomaly scan कब होना चाहिए?
2	प्रसव के शुरुआती संकेत क्या होते हैं?
3	Iron बढ़ाने के लिए क्या खाऊँ?
4	सोने की सबसे अच्छी मुद्रा क्या है?
5	हलचल कम हो तो क्या करूँ?
6	क्या गर्भावस्था में पपीता खा सकती हूँ?
7	मुझे कमर दर्द है — क्या मदद करेगा?
8	अस्पताल बैग में क्या रखूँ?
9	नवजात
10	नवजात को कितनी बार दूध पिलाऊँ?
11	नवजात को कितना सोना चाहिए?
12	मेरा शिशु इतना क्यों रोता है?
13	क्या मेरे शिशु का वज़न ठीक बढ़ रहा है?
14	छोटा बच्चा
15	छोटे बच्चे के नख़रे कैसे सँभालूँ?
16	मेरा बच्चा कब बोलना शुरू करेगा?
17	पॉटी ट्रेनिंग कैसे शुरू करूँ?
18	परवरिश
19	कितना स्क्रीन टाइम ठीक है?
20	अपने बच्चे को स्कूल के लिए कैसे तैयार करूँ?
21	मुश्किल व्यवहार कैसे सँभालूँ?
