Best Overall	सबसे बेहतर चुनाव
Soft, breathable fabric	नरम कपड़ा, हवा आती-जाती है
Easy one-hand nursing access	एक हाथ से खोलकर दूध पिलाना आसान
Loved by ParentVeda parents	ParentVeda के माता-पिता की पसंद
Size up from your usual	रोज़ वाले नाप से एक साइज़ बड़ा लीजिए
Two or three help for rotation	दो-तीन हों तो बदल-बदल कर पहन सकती हैं
Super absorbent, stay-dry	ख़ूब सोखते हैं, सूखा रखते हैं
Gentle on sensitive skin	नाज़ुक त्वचा पर नरम
Disposable vs reusable is a personal choice	एक बार वाले लें या धोकर दोबारा — यह आपकी पसंद है
Extra-long, high absorbency	ज़्यादा लंबे, ज़्यादा सोखने वाले
Soft top layer for comfort	ऊपर की परत नरम, आराम के लिए
Made for post-delivery flow	डिलीवरी के बाद के रक्तस्राव के लिए बने
You will likely need more than you think	अंदाज़े से ज़्यादा लगेंगे
Soothes sore, sensitive skin	छिली, नाज़ुक त्वचा को आराम देती है
Safe for baby - no need to wipe off	शिशु के लिए सुरक्षित — पोंछने की ज़रूरत नहीं
A little goes a long way	थोड़ी सी ही बहुत है
Soft muslin, breathable	नरम मलमल, हवादार
Keeps baby snug and calm	शिशु को लिपटा और शांत रखता है
Doubles as a nursing cover	दूध पिलाते समय ओढ़ने के काम भी आता है
Muslin for warm weather, fleece for cold	गर्मी में मलमल, ठंड में fleece
Gentle cotton on newborn skin	नवजात की त्वचा पर नरम सूती
Easy snap changes	बटन खोलकर झटपट बदलिए
A pack of everyday essentials	रोज़ काम आने वाली चीज़ों का पैक
Newborn size is outgrown quickly - do not over-buy	नवजात का नाप जल्दी छोटा पड़ जाता है — ज़्यादा मत ख़रीदिए
Soft, snug newborn fit	नवजात पर नरम, चुस्त fit
Wetness indicator	गीलेपन का संकेत देता है
Gentle on the cord stump	नाभि की डोरी वाली जगह पर नरम
Newborn size lasts only a few weeks	नवजात का नाप बस कुछ हफ़्ते चलता है
Loose nightwear / birthing gown	ढीले रात के कपड़े / birthing gown
Warm socks	गरम मोज़े
Lip balm	Lip balm
Hair ties / clip	बालों का रबर / क्लिप
Water bottle with straw	Straw वाली पानी की बोतल
Light snacks / energy drinks	हल्का नाश्ता / energy drinks
Glasses (if you wear them)	चश्मा (अगर आप लगाती हैं)
Calming music / playlist	सुकून देने वाला संगीत / playlist
Maternity pads	Maternity pads
Disposable / maternity underwear	एक बार इस्तेमाल वाला / maternity अंतर्वस्त्र
Nursing bra	Nursing bra
Breast pads	Breast pads
Nipple cream	Nipple cream
Comfortable going-home outfit	घर लौटने के लिए आरामदायक कपड़े
Toiletries (toothbrush, etc.)	नहाने-धोने का सामान (टूथब्रश वग़ैरह)
Towel	तौलिया
Slippers	चप्पल
Abdominal binder (if advised)	पेट का binder (अगर डॉक्टर ने कहा हो)
Newborn bodysuits	नवजात के bodysuits
Swaddle / receiving blanket	लपेटने का कपड़ा / मुलायम चादर
Mittens & booties	दस्ताने और पैरों के मोज़े
Soft cap	नरम टोपी
Newborn diapers	नवजात के diapers
Baby wipes	Baby wipes
Soft baby blanket	शिशु का नरम कंबल
Baby towel	शिशु का तौलिया
Mild baby lotion / oil	हल्का baby lotion / तेल
Going-home outfit	घर लौटने के कपड़े
Change of clothes	बदलने के कपड़े
Snacks	खाने-पीने का हल्का सामान
Phone charger / power bank	फ़ोन charger / power bank
Cash & cards	नक़द और cards
Toiletries	नहाने-धोने का सामान
ID proof (Aadhaar / passport)	पहचान पत्र (आधार / passport)
Hospital registration / admission papers	अस्पताल के registration / भर्ती के काग़ज़
Insurance / TPA card	Insurance / TPA card
Medical records & scan reports	इलाज के काग़ज़ और scan reports
Birth plan (if you have one)	Birth plan (अगर बनाया हो)
Doctor's contact number	डॉक्टर का फ़ोन नंबर
Your own pillow	अपना तकिया
Eye mask	आँखों का mask
A familiar, comforting scent	कोई जानी-पहचानी, सुकून देने वाली ख़ुशबू
Affirmation cards	हौसला देने वाले कार्ड
Nursing pillow	दूध पिलाने वाला तकिया
Extra newborn outfit	नवजात के एक जोड़ी और कपड़े
Compression socks	Compression socks
Handheld fan	हाथ वाला पंखा
Portable speaker	छोटा speaker
Journal	डायरी
