Pregnancy Pillow	गर्भावस्था का तकिया
A good pregnancy pillow supports your bump, back and knees at the same time.	एक अच्छा गर्भावस्था तकिया आपके पेट, पीठ और घुटनों — तीनों को एक साथ सहारा देता है।
Full-body support	पूरे शरीर को सहारा
Washable cover	धोने लायक़ कवर
Holds its shape over time	समय के साथ अपना आकार बनाए रखता है
Pillows that flatten quickly	जल्दी बैठ जाने वाले तकिए
Very bulky designs for a small bed	छोटे बिस्तर के लिए बहुत भारी-भरकम डिज़ाइन
Birth	जन्म
Stretch Mark Care	Stretch mark की देखभाल
Daily moisturising keeps skin supple as your bump grows - consistency matters more than the brand.	पेट बढ़ने के साथ रोज़ moisturiser लगाते रहने से त्वचा मुलायम बनी रहती है — brand से ज़्यादा मायने रखती है नियमितता।
Deeply moisturising	गहराई तक नमी देने वाला
Fragrance-free	बिना ख़ुशबू वाला
Non-sticky finish	चिपचिपा नहीं
Strong fragrances	तेज़ ख़ुशबू
Retinol-based creams	Retinol वाली creams
Maternity Wear	गर्भावस्था के कपड़े
Look for room to grow and soft, breathable fabric you can keep wearing past delivery.	ऐसा देखें जिसमें बढ़ने की जगह हो और कपड़ा नरम व साँस लेने वाला हो, जिसे आप प्रसव के बाद भी पहनती रह सकें।
Stretchable over-bump fit	पेट के ऊपर तक खिंचने वाला fit
Breathable cotton	साँस लेने वाला सूती
Nursing-friendly	दूध पिलाने में आसान
Tight elastic waistbands	कसी हुई इलास्टिक कमरबंद
Synthetic-only fabric	सिर्फ़ synthetic कपड़ा
Belly Support Band	पेट को सहारा देने वाला बैंड
A support band can ease back and bump strain later on - fit and adjustability matter most.	सहारा देने वाला बैंड आगे चलकर पीठ और पेट का ज़ोर कम कर सकता है — सबसे ज़्यादा मायने रखते हैं सही fit और उसे कसने-ढीला करने की सुविधा।
Adjustable gentle support	कसा-ढीला होने वाला हल्का सहारा
Breathable material	साँस लेने वाला कपड़ा
Eases back strain	पीठ का ज़ोर कम करता है
Bands that are too tight	बहुत कसे बैंड
Non-breathable nylon	साँस न लेने वाला nylon
Compression Socks	Compression मोज़े
Compression socks help with swelling and tired legs - graduated compression is the key feature.	Compression मोज़े सूजन और थकी टाँगों में मदद करते हैं — सबसे अहम बात है ऊपर से नीचे घटता compression।
Graduated compression	ऊपर से नीचे घटता compression
Breathable knit	साँस लेने वाली बुनाई
Easy to pull on	पहनने में आसान
Very tight tops	बहुत कसा ऊपरी हिस्सा
Rough seams	खुरदुरी सिलाई
Nursing Bra	दूध पिलाने वाली Bra
Comfort and easy one-hand opening matter most - get sized later in pregnancy.	सबसे ज़्यादा मायने रखता है आराम और एक हाथ से आसानी से खुल जाना — नाप गर्भावस्था के बाद के दिनों में लें।
Soft wireless support	बिना wire वाला नरम सहारा
Easy clip-down	आसानी से खुलने वाली clip
Breathable fabric	साँस लेने वाला कपड़ा
Underwire that digs in	चुभने वाली underwire
Tight bands	कसे बैंड
Postpartum	प्रसव के बाद
Breast Pump	दूध निकालने वाला Pump
Think about how often you will pump - occasional use suits manual, regular use suits electric.	सोचें कि आप कितनी बार pump करेंगी — कभी-कभार के लिए manual ठीक है, रोज़ के लिए electric।
Comfortable flange fit	आरामदेह flange fit
Quiet motor	शांत motor
Easy to clean	साफ़ करने में आसान
Hard-to-clean parts	मुश्किल से साफ़ होने वाले हिस्से
Very loud motors	बहुत शोर करने वाले motor
Swaddles	Swaddle कपड़े
Soft, breathable fabric and the right size keep your newborn snug and safe.	नरम, साँस लेने वाला कपड़ा और सही नाप आपके नवजात को आरामदेह और सुरक्षित रखते हैं।
Breathable muslin or cotton	साँस लेने वाला muslin या सूती
Right newborn size	नवजात के लिए सही नाप
Easy to wrap	लपेटने में आसान
Thick, overheating fabric	मोटा कपड़ा जिसमें गर्मी लगे
Wraps that come loose	ढीले पड़ जाने वाले wrap
ComfyBump Full-Body Pillow	ComfyBump Full-Body Pillow
U-shaped support for bump, back and knees in one.	पेट, पीठ और घुटनों — तीनों के लिए एक ही U-आकार का सहारा।
Most mothers	ज़्यादातर माँओं के लिए
Excellent full-body support	पूरे शरीर को बेहतरीन सहारा
Soft, washable cover	नरम, धोने लायक़ कवर
Takes more bed space	बिस्तर पर ज़्यादा जगह लेता है
Slightly heavy to move	हटाने में थोड़ा भारी
Excellent side-sleeping support.	करवट लेकर सोने में बेहतरीन सहारा।
Comfortable and durable.	आरामदेह और टिकाऊ।
Needs a bit more bed space.	बिस्तर पर थोड़ी ज़्यादा जगह चाहिए।
Neha	नेहा
Mother of Aarav	आरव की माँ
Week 22 → Delivery	हफ़्ता 22 → डिलीवरी
Excellent support - my back pain eased a lot at night.	बेहतरीन सहारा — रात में मेरा कमर दर्द काफ़ी कम हो गया।
Requires a larger bed.	बड़ा बिस्तर चाहिए।
Pooja	पूजा
First-time mother	पहली बार माँ बनी
Week 24 → Delivery	हफ़्ता 24 → डिलीवरी
Stayed supportive right through pregnancy.	पूरी गर्भावस्था सहारा देता रहा।
Takes a few nights to get used to.	आदत पड़ने में कुछ रातें लगती हैं।
Snug Wedge Pillow	Snug Wedge Pillow
Compact wedge that supports the bump where you need it.	छोटा-सा wedge जो पेट को ठीक वहीं सहारा देता है जहाँ ज़रूरत है।
Small beds and budgets	छोटे बिस्तर और कम बजट के लिए
Very affordable	बहुत किफ़ायती
Compact and light	छोटा और हल्का
Good targeted bump support	पेट को ठीक जगह पर अच्छा सहारा
Less full-body support	पूरे शरीर को कम सहारा
Cover is not removable	कवर उतारा नहीं जा सकता
CloudNest Adjustable Pillow	CloudNest Adjustable Pillow
Adjustable filling and a premium cover for tailored support.	भराव कम-ज़्यादा किया जा सकता है और premium कवर, ताकि सहारा आपके हिसाब से हो।
Those who want the best	जो सबसे अच्छा चाहती हैं
Adjustable firmness	सख़्ती कम-ज़्यादा की जा सकती है
Premium breathable cover	साँस लेने वाला premium कवर
Very durable	बहुत टिकाऊ
Premium price	Premium क़ीमत
Large to store	रखने में बड़ी जगह लेता है
VedaGlow Belly Butter	VedaGlow Belly Butter
Rich, fragrance-free butter that absorbs without stickiness.	गाढ़ा, बिना ख़ुशबू वाला butter जो बिना चिपचिपाहट के त्वचा में समा जाता है।
Daily use	रोज़ के इस्तेमाल के लिए
Jar can be a little messy	जार से लगाना थोड़ा फैलाव भरा है
Works best with daily use	रोज़ लगाने पर सबसे अच्छा असर
How well it absorbs.	त्वचा में कितनी अच्छी तरह समा जाता है।
Skin felt soft and supple.	त्वचा नरम और मुलायम महसूस हुई।
You have to be consistent.	नियमित रूप से लगाना पड़ता है।
PureSkin Calm Oil	PureSkin Calm Oil
Gentle plant oil for reactive, sensitive skin.	नाज़ुक और जल्दी असर दिखाने वाली त्वचा के लिए कोमल वनस्पति तेल।
Sensitive skin	नाज़ुक त्वचा के लिए
Minimal ingredients	गिनी-चुनी चीज़ें
Soothing on sensitive skin	नाज़ुक त्वचा पर सुकून देता है
Lightweight	हल्का
Oily feel for some	कुछ लोगों को चिकनापन लगता है
Mild natural scent	हल्की प्राकृतिक ख़ुशबू
EverySoft Lotion	EverySoft Lotion
Everyday moisturiser at a friendly price.	रोज़ के लिए moisturiser, वाजिब क़ीमत में।
Budgets	कम बजट के लिए
Easy daily texture	रोज़ लगाने लायक़ हल्का texture
Widely available	हर जगह मिल जाता है
Lighter moisturisation	नमी थोड़ी कम देता है
Contains a light fragrance	इसमें हल्की ख़ुशबू है
EasyGrow Maternity Leggings	EasyGrow Maternity Leggings
Soft over-bump leggings that stretch with you.	नरम over-bump leggings जो आपके साथ खिंचती हैं।
Everyday comfort	रोज़ के आराम के लिए
Stretchy over-bump fit	पेट के ऊपर तक खिंचने वाला fit
Breathable cotton blend	साँस लेने वाला सूती मिश्रण
Wearable after delivery too	प्रसव के बाद भी पहनी जा सकती हैं
Limited colours	रंग कम हैं
May need a size up late on	आगे चलकर एक size बड़ी लेनी पड़ सकती है
Bloom Nursing Dress	Bloom Nursing Dress
Elegant dress with discreet nursing access.	सुंदर dress, जिसमें दूध पिलाने के लिए बिना दिखे खुलने की सुविधा है।
Special days and nursing	ख़ास दिनों और दूध पिलाने के लिए
Premium fabric	Premium कपड़ा
Flattering fit	जँचने वाला fit
Higher price	क़ीमत ज़्यादा
Gentle wash only	सिर्फ़ हल्के हाथ से धुलाई
DailyEase Maternity Kurti	DailyEase Maternity Kurti
Roomy, breathable kurti for everyday wear.	खुली-खुली, साँस लेने वाली कुर्ती रोज़ पहनने के लिए।
Affordable	किफ़ायती
Airy and roomy	हवादार और खुली
Easy to wash	धोने में आसान
Basic styling	साधारण design
Fabric thins over time	कपड़ा समय के साथ पतला हो जाता है
SteadyBump Support Band	SteadyBump Support Band
Adjustable band that eases bump and back strain.	कसा-ढीला होने वाला बैंड जो पेट और पीठ का ज़ोर कम करता है।
Back relief	पीठ को राहत
Breathable panel	साँस लेने वाला panel
Visible under fitted clothes	चुस्त कपड़ों के नीचे दिख जाता है
Needs the right size	सही नाप ज़रूरी है
LiteHold Belly Band	LiteHold Belly Band
Simple, low-cost everyday support.	रोज़ के लिए सरल और कम क़ीमत वाला सहारा।
Light and simple	हल्का और सरल
Easy to wear	पहनने में आसान
Less adjustable	कम कसा-ढीला होता है
Thinner material	कपड़ा पतला
FlexCore Maternity Belt	FlexCore Maternity Belt
Firmer, contoured support for active days.	चलती-फिरती दिनचर्या के लिए ज़्यादा कसा, शरीर के आकार में ढला सहारा।
Active mothers	सक्रिय माँओं के लिए
Firm contoured support	कसा हुआ, शरीर में ढला सहारा
Durable build	मज़बूत बनावट
Good for activity	चलने-फिरने के लिए अच्छा
Warmer to wear	पहनने पर ज़्यादा गर्म लगता है
FreshStep Compression Socks	FreshStep Compression Socks
Graduated compression for swelling and tired legs.	सूजन और थकी टाँगों के लिए ऊपर से नीचे घटता compression।
Daily swelling	रोज़ की सूजन के लिए
Snug to put on	पहनने में कसे लगते हैं
Hand wash is best	हाथ से धोना सबसे अच्छा
DayLite Support Socks	DayLite Support Socks
Light support at an easy price.	हल्का सहारा, आसान क़ीमत में।
Comfortable knit	आरामदेह बुनाई
Good for short days	कम देर पहनने के लिए अच्छे
Milder compression	Compression हल्का
Fewer sizes	नाप के कम विकल्प
AeroFlow Medical Socks	AeroFlow Medical Socks
Medical-grade compression for all-day wear.	पूरे दिन पहनने के लिए medical-grade compression।
Long days on your feet	पूरे दिन पैरों पर रहने वालों के लिए
Strong graduated support	ऊपर से नीचे घटता मज़बूत सहारा
All-day comfort	दिन भर आराम
Durable	टिकाऊ
Firmer to put on	पहनने में ज़्यादा कसे
SoftClip Nursing Bra	SoftClip Nursing Bra
Wireless support with easy one-hand clips.	बिना wire का सहारा, एक हाथ से खुलने वाली clip के साथ।
Size changes after birth	जन्म के बाद नाप बदल जाता है
Plain design	सादा design
DayEase Nursing Bra	DayEase Nursing Bra
Comfortable basics at a friendly price.	वाजिब क़ीमत में आरामदेह बुनियादी चीज़ें।
Affordable multipacks	किफ़ायती multipack
Soft fabric	नरम कपड़ा
Easy care	देखभाल आसान
Lighter support	सहारा हल्का
Bloom Seamless Nursing Bra	Bloom Seamless Nursing Bra
Seamless premium comfort for day and night.	दिन और रात के लिए बिना सिलाई वाला premium आराम।
All-day wear	पूरे दिन पहनने के लिए
Seamless comfort	बिना सिलाई वाला आराम
Great support	बढ़िया सहारा
Soft premium fabric	नरम premium कपड़ा
Hand wash preferred	हाथ से धोना बेहतर
GentleFlow Electric Pump	GentleFlow Electric Pump
Quiet electric pump with a comfortable fit.	शांत electric pump, आरामदेह fit के साथ।
Regular pumping	रोज़ pump करने के लिए
Needs charging	Charge करना पड़ता है
How quiet it is.	यह कितना शांत है।
Comfortable and efficient.	आरामदेह और असरदार।
Remember to keep it charged.	इसे charge रखना याद रखें।
Simran	सिमरन
Working mother	नौकरीपेशा माँ
Week 36 → Postpartum	हफ़्ता 36 → प्रसव के बाद
Quiet enough to pump discreetly at work.	इतना शांत कि दफ़्तर में बिना किसी को पता चले pump कर सकूँ।
Carry the charger with you.	Charger साथ रखें।
EasyHand Manual Pump	EasyHand Manual Pump
Simple manual pump for occasional use.	कभी-कभार इस्तेमाल के लिए सरल manual pump।
Occasional use	कभी-कभार इस्तेमाल के लिए
No power needed	बिजली की ज़रूरत नहीं
Light to carry	साथ ले जाने में हल्का
Manual effort	हाथ से मेहनत करनी पड़ती है
Slower than electric	Electric से धीमा
DualEase Double Pump	DualEase Double Pump
Hospital-grade double pump to save time.	समय बचाने के लिए hospital-grade double pump।
Frequent pumping	बार-बार pump करने के लिए
Double pumping saves time	दोनों तरफ़ से एक साथ pump करने पर समय बचता है
Strong, adjustable suction	मज़बूत खिंचाव, जिसे कम-ज़्यादा किया जा सकता है
Expensive	महँगा
More parts to clean	साफ़ करने के लिए ज़्यादा हिस्से
DreamWrap Muslin Swaddle	DreamWrap Muslin Swaddle
Breathable muslin that keeps newborns snug.	साँस लेने वाला muslin जो नवजात को आराम से लिपटा रखता है।
Newborns	नवजात के लिए
Breathable muslin	साँस लेने वाला muslin
Soft on skin	त्वचा पर नरम
Needs re-wrapping	बार-बार लपेटना पड़ता है
Sold in small packs	छोटे pack में मिलता है
CozyCotton Swaddle Pack	CozyCotton Swaddle Pack
Value pack of soft cotton swaddles.	नरम सूती swaddle का किफ़ायती pack।
Great value pack	बढ़िया किफ़ायती pack
Soft cotton	नरम सूती
Machine washable	Machine में धुल जाता है
Slightly thicker	थोड़ा मोटा
Fewer prints	Print कम
SnugZip Swaddle Sack	SnugZip Swaddle Sack
Zip swaddle for easy, secure wrapping.	आसान और सुरक्षित लपेटन के लिए zip वाला swaddle।
Easy wrapping	आसान लपेटन
Easy zip wrapping	Zip से आसान लपेटन
Secure fit	कसकर टिका रहने वाला fit
Outgrown quickly	जल्दी छोटा पड़ जाता है
