Christianity	ईसाई धर्म
Hope, gratitude and prayer as a family welcomes new life.	आशा, कृतज्ञता और प्रार्थना — जब एक परिवार नए जीवन का स्वागत करता है।
Reflections & prayer	मनन और प्रार्थना
A gift to be thankful for	एक उपहार, जिसके लिए मन धन्यवाद कहे
A new pregnancy is often received as a gift and a reason for gratitude and hope. Even on tired days, a quiet thank-you can steady the heart.	नया गर्भ अक्सर एक उपहार की तरह लिया जाता है — कृतज्ञता और आशा की एक वजह। थकान भरे दिनों में भी मन ही मन कहा गया एक धन्यवाद दिल को थाम लेता है।
Praying simply	सीधी-सादी प्रार्थना
Prayer here is often just an honest conversation, asking for a healthy baby, a safe delivery and peace of mind. You do not need the perfect words; sincerity is enough.	यहाँ प्रार्थना अक्सर एक सच्ची बातचीत भर होती है — स्वस्थ शिशु, सुरक्षित प्रसव और मन की शांति की माँग। सही शब्द ढूँढ़ने की ज़रूरत नहीं; मन की सच्चाई काफ़ी है।
Peace that steadies	वह शांति जो थाम लेती है
Many lean on their faith for a peace that holds them through worry, a calm that does not depend on everything going right. On anxious days, that can be a real anchor.	बहुत से लोग अपनी आस्था का सहारा लेते हैं — ऐसी शांति के लिए जो चिंता के बीच भी थामे रखे, ऐसा ठहराव जिसके लिए सब कुछ ठीक होना ज़रूरी न हो। घबराहट वाले दिनों में यही मन को टिकाने की ज़मीन बन जाती है।
Hope as a quiet strength	आशा, एक चुपचाप ताक़त
Hope runs through this tradition, the trust that good is being woven even when you cannot see it. Holding gently to hope can lighten the heavier stretches.	इस परंपरा में आशा हर जगह बहती है — यह भरोसा कि भला कुछ बुना जा रहा है, भले ही वह आपको दिख न रहा हो। आशा को हल्के हाथों से थामे रखना भारी दिनों का बोझ कम कर देता है।
You are held	आप सँभाली हुई हैं
A comforting thread is the sense of being known, loved and cared for, just as you are. Whatever you are feeling today, you are not carrying it unseen.	एक तसल्ली देने वाला धागा यह है — कि आप जैसी हैं वैसी ही जानी जाती हैं, चाही जाती हैं, सँभाली जाती हैं। आज आप जो भी महसूस कर रही हैं, उसे किसी की नज़र से छूटकर अकेले नहीं उठा रहीं।
A reason for thanks	धन्यवाद कहने की एक वजह
A new pregnancy is often received as a gift and a cause for gratitude. Even on tired days, a quiet thank-you can steady the heart.	नया गर्भ अक्सर एक उपहार की तरह लिया जाता है, कृतज्ञता की एक वजह। थके हुए दिनों में भी चुपचाप कहा गया एक धन्यवाद दिल को थाम लेता है।
Honest, simple prayer	सच्ची, सीधी प्रार्थना
Prayer here is often just honest conversation, asking for health, a safe birth, and peace. You do not need perfect words; sincerity is enough.	यहाँ प्रार्थना अक्सर एक सच्ची बातचीत भर होती है — सेहत, सुरक्षित जन्म और शांति की माँग। सही शब्द ज़रूरी नहीं; मन की सच्चाई काफ़ी है।
A peace that holds	वह शांति जो टिकी रहती है
Many lean on faith for a calm that does not depend on everything going right. On anxious days, that can be a real anchor.	बहुत से लोग आस्था का सहारा ऐसे ठहराव के लिए लेते हैं जिसके लिए सब कुछ ठीक होना ज़रूरी न हो। घबराहट वाले दिनों में यही मन को टिकाने की ज़मीन बन जाता है।
Hope that lightens	आशा, जो बोझ हल्का करती है
Hope, the trust that good is being woven even unseen, runs deep here. Holding gently to it lightens the heavier stretches.	आशा — यह भरोसा कि भला कुछ बुना जा रहा है, भले दिखे नहीं — यहाँ बहुत गहरी है। उसे हल्के हाथों से थामे रखना भारी दिनों को हल्का कर देता है।
Casting your cares	फ़िक्रें सौंप देना
There is a comforting idea of handing your worries over rather than carrying them all. At night, you might set the day's fears down and rest.	एक तसल्ली देने वाला ख़याल यह है कि अपनी चिंताएँ सौंप दीजिए, सब ख़ुद ही मत उठाइए। रात को दिन भर के डर नीचे रखकर आराम कर लीजिए।
Thanks in small things	छोटी-छोटी बातों का शुक्रिया
Gratitude is encouraged even in ordinary moments, not only the big ones. A grateful glance at a quiet day counts.	कृतज्ञता सिर्फ़ बड़े मौक़ों की नहीं, मामूली पलों की भी होती है। एक शांत दिन पर डाली गई शुक्रगुज़ार नज़र भी गिनी जाती है।
Praying for your baby	अपने शिशु के लिए प्रार्थना
Many like to pray simply over their growing baby, for health and a good life. A hand on your bump and a sincere wish is a tender daily habit.	बहुत सी माएँ अपने बढ़ते शिशु के लिए सीधी-सी प्रार्थना करती हैं — सेहत की, एक अच्छे जीवन की। पेट पर हाथ और मन से निकली एक दुआ — यह रोज़ की एक कोमल आदत है।
Faith a little bigger than fear	डर से ज़रा-सा बड़ा भरोसा
You do not have to be fearless, only to let trust be a touch larger than the fear. That small margin can carry you a long way.	निडर होना ज़रूरी नहीं — बस भरोसा डर से ज़रा-सा बड़ा रहे, इतना काफ़ी है। यही थोड़ा-सा फ़र्क़ आपको बहुत दूर तक ले जाता है।
Rest for the weary	थके हुए मन के लिए आराम
There is a tender invitation to bring your tiredness and find rest. Letting yourself slow down is welcomed, not frowned upon.	यहाँ एक कोमल न्योता है — अपनी थकान लेकर आइए और आराम पाइए। धीमे पड़ जाना यहाँ स्वीकार है, उस पर कोई भौंहें नहीं चढ़ाता।
Praying with others	मिलकर की गई प्रार्थना
Sharing your hopes with people who will pray alongside you can ease the load. You are not meant to carry it solo.	अपनी उम्मीदें उन लोगों से बाँटिए जो आपके साथ प्रार्थना करेंगे — बोझ हल्का हो जाता है। यह सब अकेले उठाने के लिए नहीं है।
Grace on the hard days	मुश्किल दिनों की कृपा
Grace, unearned kindness, is a thread here, meeting you exactly where you are. On the days you feel you fell short, grace says you are still enough.	कृपा — बिना कमाए मिली करुणा — यहाँ एक धागे की तरह चलती है, और आपसे वहीं आकर मिलती है जहाँ आप हैं। जिन दिनों लगे कि आप कम पड़ गईं, कृपा कहती है कि आप फिर भी पूरी हैं।
Gratitude after good news	अच्छी ख़बर के बाद की कृतज्ञता
A reassuring scan or appointment is a natural moment to pause and give thanks. Letting relief become gratitude makes the joy land fully.	तसल्ली देने वाला कोई scan या डॉक्टर से मुलाक़ात — रुककर धन्यवाद कहने का सहज पल है। राहत को कृतज्ञता बन जाने दीजिए, ख़ुशी तब पूरी तरह उतरती है।
A quiet trust	एक चुपचाप भरोसा
Underneath the planning, many rest in a quiet trust that they are cared for. That trust can soften even the unknown parts of birth.	सारी तैयारी के नीचे बहुत से लोग एक चुपचाप भरोसे पर टिके रहते हैं — कि उनका ध्यान रखा जा रहा है। यही भरोसा जन्म के अनजाने हिस्सों को भी नरम कर देता है।
A prayer at day's end	दिन ढलते वक़्त की प्रार्थना
Closing the day with a few honest words settles the heart for sleep. Name one good thing, hand over the rest, and rest.	दिन को कुछ सच्चे शब्दों के साथ बंद कीजिए — मन नींद के लिए बैठ जाता है। एक अच्छी बात का नाम लीजिए, बाक़ी सौंप दीजिए, और सो जाइए।
Bring it all, just as it is	जो है, जैसा है, वैसा ही ले आइए
Whatever is on your heart, joy, fear, or a long list of worries, can be brought to prayer exactly as it is. You do not have to tidy yourself up first.	मन पर जो भी है — ख़ुशी, डर, या चिंताओं की लंबी सूची — प्रार्थना में वैसे ही लाया जा सकता है, जैसा है। पहले ख़ुद को सँवारकर आने की कोई ज़रूरत नहीं।
Parables, simply retold	दृष्टांत, सरल शब्दों में
Sought and cherished	ढूँढ़ा गया, और सहेजा गया
One much-loved story tells of a shepherd who searches tirelessly for a single lost lamb, a picture of how deeply each one matters. Retold simply, it is a reminder that your little one is treasured beyond counting.	एक बहुत प्यारी कहानी है — एक गड़रिया, जो एक खोए हुए मेमने को बिना थके ढूँढ़ता रहता है; यह दिखाने के लिए कि हर एक कितना मायने रखता है। सीधे शब्दों में कहें तो यह याद दिलाती है कि आपका नन्हा गिनती से परे क़ीमती है।
Small beginnings, great growth	छोटी शुरुआत, बड़ा बढ़ना
Another favourite likens faith to a tiny seed that grows into something far larger than itself. It is a lovely image for the small cluster of cells now becoming your child.	एक और प्यारा दृष्टांत आस्था को एक नन्हे बीज जैसा बताता है, जो अपने से कहीं बड़ा कुछ बन जाता है। कोशिकाओं का वह नन्हा-सा गुच्छा, जो अभी आपका बच्चा बन रहा है, उसके लिए यह कितनी सुंदर तस्वीर है।
Kindness to a stranger	किसी अनजान पर की गई दया
A well-known story praises the one who stops to help a stranger in need, simply out of compassion. Its quiet lesson, that kindness asks no questions, is a gentle one to raise a child by.	एक जानी-पहचानी कहानी उसकी सराहना करती है जो सिर्फ़ करुणा से रुककर एक अनजान ज़रूरतमंद की मदद करता है। इसकी चुपचाप सीख — कि दया सवाल नहीं पूछती — बच्चे को पालने के लिए बहुत कोमल सीख है।
A joyful welcome home	घर लौटने पर ख़ुशी भरा स्वागत
One story tells of a parent who runs to welcome a child home with open arms and no conditions. That picture of unconditional welcome is the very love you are already growing.	एक कहानी है — एक पिता, जो अपने बच्चे को घर लौटता देख दौड़कर बाँहें फैला देते हैं, बिना किसी शर्त के। बिना शर्त स्वागत की यह तस्वीर वही प्यार है जो आपके भीतर पहले से पल रहा है।
Building on something steady	मज़बूत नींव पर बनाना
A short tale contrasts a house built on rock with one built on sand, the value of steady foundations. Calm habits and good support are the rock you are building your family on.	एक छोटी कहानी चट्टान पर बने घर और रेत पर बने घर की तुलना करती है — मज़बूत नींव की क़ीमत बताने के लिए। शांत आदतें और अच्छा साथ ही वह चट्टान है जिस पर आप अपना परिवार बना रही हैं।
The one that mattered	वह एक, जो मायने रखता था
A loved story tells of a shepherd searching tirelessly for a single lost lamb. Retold simply, it is a reminder that your little one is treasured beyond counting.	एक प्यारी कहानी है — एक गड़रिया, जो एक खोए हुए मेमने को बिना थके ढूँढ़ता रहता है। सीधे शब्दों में, यह याद दिलाती है कि आपका नन्हा गिनती से परे क़ीमती है।
A tiny seed	एक नन्हा बीज
Another likens growth to a tiny seed becoming something far larger than itself. It is a lovely image for the small beginning now becoming your child.	एक और दृष्टांत बढ़ने को एक नन्हे बीज जैसा बताता है, जो अपने से कहीं बड़ा कुछ बन जाता है। जो छोटी-सी शुरुआत अभी आपका बच्चा बन रही है, उसके लिए यह कितनी सुंदर तस्वीर है।
Help for a stranger	एक अनजान की मदद
A well-known tale praises the one who stops to help a stranger out of pure compassion. Its lesson, that kindness asks no questions, is a gentle one to raise a child by.	एक जानी-पहचानी कहानी उसकी सराहना करती है जो सिर्फ़ करुणा से रुककर एक अनजान की मदद करता है। इसकी सीख — कि दया सवाल नहीं पूछती — बच्चे को पालने के लिए बहुत कोमल सीख है।
Run to welcome	दौड़कर गले लगाना
One story shows a parent running to welcome a child home with open arms and no conditions. That picture of unconditional welcome is the love you are already growing.	एक कहानी में एक पिता अपने बच्चे को घर लौटता देख दौड़ पड़ते हैं, बाँहें फैलाए, बिना किसी शर्त के। बिना शर्त स्वागत की यह तस्वीर वही प्यार है जो आपके भीतर पहले से पल रहा है।
Built on rock	चट्टान पर बना
A short tale weighs a house on rock against one on sand, the worth of steady foundations. Calm habits and good support are the rock under your new family.	एक छोटी कहानी चट्टान पर बने घर को रेत पर बने घर के सामने रखती है — मज़बूत नींव की क़ीमत बताने के लिए। शांत आदतें और अच्छा साथ ही आपके नए परिवार के नीचे की चट्टान हैं।
A lamp set high	ऊँचाई पर रखा दीया
One image speaks of a lamp not hidden but set where it gives light to all. The warmth and goodness you carry is meant to be shared, not tucked away.	एक तस्वीर ऐसे दीये की बात करती है जिसे छिपाया नहीं जाता, बल्कि वहाँ रखा जाता है जहाँ से सबको रोशनी मिले। जो गर्माहट और भलाई आपके भीतर है, वह बाँटने के लिए है, छिपाकर रखने के लिए नहीं।
Good soil	अच्छी मिट्टी
A story of a sower notes how the same seed flourishes in cared-for soil. Tending your own peace and health prepares good ground for your baby.	बीज बोने वाले की एक कहानी बताती है कि वही बीज सँभाली हुई मिट्टी में लहलहा उठता है। अपनी शांति और सेहत का ध्यान रखना आपके शिशु के लिए अच्छी ज़मीन तैयार करना है।
Treasure worth everything	वह ख़ज़ाना, जिसके आगे सब कम है
A brief tale tells of treasure so precious one gives all to keep it. Your child is exactly that kind of treasure to you.	एक छोटी कहानी ऐसे ख़ज़ाने की है जो इतना क़ीमती है कि उसे पाने के लिए इंसान सब कुछ दे देता है। आपका बच्चा आपके लिए ठीक वैसा ही ख़ज़ाना है।
A coin found	खोया सिक्का मिल जाना
One story tells of a woman searching her whole house for a single lost coin, then rejoicing when it is found. It is a picture of how one small life can be worth a wholehearted search and a great gladness.	एक कहानी में एक औरत अपना पूरा घर छान मारती है, एक खोए हुए सिक्के के लिए — और मिल जाने पर ख़ुशी से भर उठती है। यह तस्वीर बताती है कि एक छोटी-सी जान भी पूरे मन की खोज और बड़ी ख़ुशी के क़ाबिल होती है।
Two builders	दो कारीगर
The tale of the wise and foolish builders gently asks what we build upon. Building on patience and love steadies whatever weather comes.	समझदार और नादान कारीगरों की कहानी धीरे से पूछती है — हम किस चीज़ पर बना रहे हैं? धीरज और प्यार पर बनाया गया घर हर मौसम में टिका रहता है।
Gifts meant to be used	जो मिला है, वह काम आने के लिए है
A story encourages using whatever gifts you are given rather than burying them. The love and care you have to give, you are already putting to beautiful use.	एक कहानी कहती है कि जो भी क़ाबिलियत आपको मिली है, उसे गाड़कर मत रखिए, काम में लाइए। जो प्यार और देखभाल आपके पास देने को है, उसे तो आप पहले से ही बहुत सुंदर तरीक़े से काम में ला रही हैं।
Faith like a child	बच्चे जैसा भरोसा
A tender theme honours the simple, trusting heart of a child. Your baby will teach you that kind of open trust all over again.	एक कोमल भाव बच्चे के सीधे, भरोसा करने वाले मन को सराहता है। आपका शिशु आपको वैसा खुला भरोसा फिर से सिखाएगा।
Branches and vine	बेल और उसकी शाखाएँ
One image pictures branches drawing life from the vine they are joined to. Staying close to what nourishes you keeps you steady and growing.	एक तस्वीर ऐसी शाखाओं की है जो अपनी बेल से जुड़ी रहकर जीवन खींचती हैं। जो चीज़ें आपको पोसती हैं, उनके पास बने रहिए — आप टिकी भी रहेंगी और बढ़ती भी।
A little light	एक नन्ही रोशनी
A recurring picture is of a small light shining in a dark place. On uncertain nights, your quiet hope can be that small, steady light.	बार-बार लौटकर आने वाली एक तस्वीर है — अँधेरी जगह में जलती एक छोटी-सी रोशनी। जिन रातों में आगे का कुछ साफ़ न दिखे, आपकी चुपचाप उम्मीद ही वह छोटी, टिकी हुई रोशनी है।
Welcomed like a child	बच्चों-सा स्वागत
One gentle moment shows children being welcomed warmly and held close. Your child is arriving into exactly that kind of welcome.	एक कोमल पल में बच्चों को गर्मजोशी से बुलाया जाता है और गोद में ले लिया जाता है। आपका बच्चा ठीक वैसे ही स्वागत में आ रहा है।
Figures of faith	आस्था की मिसालें
A mother's quiet yes	एक माँ की चुपचाप हामी
A figure often reflected on is a young mother who said yes to an unknown, life-changing journey with quiet courage. Every mother's yes to this path carries that same brave tenderness.	जिन पर लोग अक्सर मनन करते हैं, उनमें एक युवा माँ हैं — जिन्होंने चुपचाप हिम्मत के साथ एक अनजान, ज़िंदगी बदल देने वाले सफ़र को हाँ कही। इस राह पर हर माँ की हाँ में वही बहादुर कोमलता होती है।
Treasuring small moments	छोटे-छोटे पलों को सहेजना
Stories tell of a mother who quietly treasured and pondered the small moments of her child's life. It is a sweet invitation to savour the little wonders, the first flutter, the first scan.	कहानियाँ एक ऐसी माँ की बात करती हैं जो अपने बच्चे के जीवन के छोटे-छोटे पलों को चुपचाप सहेजती और उन पर सोचती रहीं। यह एक मीठा न्योता है — नन्हे करिश्मों को जी भरकर महसूस करने का: पहली हलचल, पहला scan।
Faithful through waiting	इंतज़ार में भी टिका भरोसा
Many honoured figures are remembered for their patience through long waiting. Pregnancy has its own waiting, and steadiness through it is its own kind of faith.	बहुत से आदरणीय लोग लंबे इंतज़ार में अपने धीरज के लिए याद किए जाते हैं। गर्भावस्था का अपना इंतज़ार है, और उसमें टिके रहना अपने आप में एक तरह की आस्था है।
Caring hands	सँभालने वाले हाथ
Tradition is full of people remembered for their gentle, practical care of others. The hands that help you now, and the hands you will offer your child, carry that same goodness.	इस परंपरा में ऐसे लोग भरे पड़े हैं जो दूसरों की कोमल, काम आने वाली देखभाल के लिए याद किए जाते हैं। जो हाथ आज आपकी मदद कर रहे हैं, और जो हाथ आप अपने बच्चे को देंगी — दोनों में वही भलाई है।
Welcoming children	बच्चों का स्वागत
A tender theme is the special welcome given to children, the sense that they belong close and matter immensely. Your child is arriving into exactly that kind of welcome.	एक कोमल भाव है — बच्चों को दिया जाने वाला ख़ास स्वागत, यह एहसास कि उनकी जगह बिलकुल पास है और वे बेहद मायने रखते हैं। आपका बच्चा ठीक वैसे ही स्वागत में आ रहा है।
A brave yes	एक बहादुर हाँ
A figure often reflected on is a young mother who said yes to an unknown, life-changing path with quiet courage. Every mother's yes carries that same brave tenderness.	जिन पर लोग अक्सर मनन करते हैं, उनमें एक युवा माँ हैं — जिन्होंने चुपचाप हिम्मत के साथ एक अनजान, ज़िंदगी बदल देने वाली राह को हाँ कही। हर माँ की हाँ में वही बहादुर कोमलता होती है।
Treasuring small wonders	नन्हे करिश्मों को सहेजना
Stories tell of a mother who quietly pondered and treasured the small moments of her child's life. It is a sweet invitation to savour the little wonders you are noticing now.	कहानियाँ एक ऐसी माँ की बात करती हैं जो अपने बच्चे के जीवन के छोटे-छोटे पलों पर चुपचाप सोचती और उन्हें सहेजती रहीं। यह एक मीठा न्योता है — आज आप जो नन्हे करिश्मे देख रही हैं, उन्हें जी भरकर महसूस करने का।
Steady through the wait	इंतज़ार में टिके रहना
Many honoured figures are remembered for patience through long waiting. Steadiness through pregnancy's wait is its own quiet faith.	बहुत से आदरणीय लोग लंबे इंतज़ार के धीरज के लिए याद किए जाते हैं। गर्भावस्था के इंतज़ार में टिके रहना अपने आप में एक चुपचाप आस्था है।
Gentle, practical care	कोमल, काम आने वाली देखभाल
Tradition is full of people remembered for their humble, hands-on care of others. The hands that help you now carry that same goodness.	इस परंपरा में ऐसे लोग भरे पड़े हैं जो बिना दिखावे के, हाथ बँटाकर दूसरों की देखभाल करने के लिए याद किए जाते हैं। जो हाथ आज आपकी मदद कर रहे हैं, उनमें वही भलाई है।
Children welcomed close	बच्चे, पास बुलाए गए
A tender theme is the warm welcome given to children, the sense that they belong near and matter immensely. Your child is arriving into that welcome.	एक कोमल भाव है — बच्चों को दिया जाने वाला गर्मजोशी भरा स्वागत, यह एहसास कि उनकी जगह पास ही है और वे बेहद मायने रखते हैं। आपका बच्चा उसी स्वागत में आ रहा है।
Two expectant mothers	दो होने वाली माएँ
One warm story tells of two expectant mothers meeting and rejoicing together. It is a lovely picture of how shared joy lightens the wait.	एक गर्मजोशी भरी कहानी है — दो होने वाली माएँ मिलती हैं और साथ मिलकर ख़ुश होती हैं। यह कितनी सुंदर तस्वीर है कि बाँटी हुई ख़ुशी इंतज़ार को हल्का कर देती है।
A quiet, steady father	एक चुपचाप, टिका हुआ पिता
Some figures are remembered not for words but for steady, protective care. The calm, dependable love around you now is its own kind of faith.	कुछ लोग शब्दों के लिए नहीं, अपनी टिकी हुई, सँभालने वाली देखभाल के लिए याद किए जाते हैं। आज आपके आसपास जो शांत, भरोसे वाला प्यार है, वह अपने आप में एक तरह की आस्था है।
Courage in the unknown	अनजाने रास्ते पर हिम्मत
Many remembered figures stepped into uncertain futures with trust rather than certainty. You are doing the same brave thing, day by day.	याद किए जाने वाले बहुत से लोग अनिश्चित भविष्य में भरोसे के साथ उतरे, पक्के यक़ीन के साथ नहीं। आप भी वही बहादुरी कर रही हैं — एक-एक दिन करके।
Perseverance	डटे रहना
Stories honour those who kept going through long, hard seasons. Your perseverance through these months is quietly heroic too.	कहानियाँ उन्हें सराहती हैं जो लंबे, कठिन दौर में भी चलते रहे। इन महीनों में आपका डटे रहना भी चुपचाप एक बहादुरी है।
Hospitality remembered	जिनकी मेहमाननवाज़ी याद रह गई
Some are remembered simply for opening their homes and hearts. The welcome you are preparing for your baby is that same warmth.	कुछ लोग बस इसलिए याद रहते हैं कि उन्होंने अपने घर और दिल खोल दिए। जो स्वागत आप अपने शिशु के लिए तैयार कर रही हैं, उसमें वही गर्माहट है।
Gentleness as greatness	कोमलता ही बड़प्पन
Many honoured figures paired strength with great gentleness. It is a lovely model for motherhood, where tenderness and strength are the same thing.	बहुत से आदरणीय लोगों में ताक़त और गहरी कोमलता साथ-साथ रहीं। माँ बनने के लिए यह कितनी सुंदर मिसाल है, जहाँ नरमी और ताक़त एक ही चीज़ हैं।
Joy at a birth	जन्म की ख़ुशी
Stories often surround a birth with wonder and rejoicing. The joy gathering around your own coming arrival is part of that ancient gladness.	कहानियाँ अक्सर किसी जन्म को अचरज और उत्सव से घेर देती हैं। आपके आने वाले नन्हे के चारों ओर जो ख़ुशी जुट रही है, वह उसी पुरानी ख़ुशी का हिस्सा है।
Trusting the unseen	जो दिखता नहीं, उस पर भरोसा
Faithful figures are remembered for trusting what they could not yet see. On the days the future feels foggy, that kind of trust can steady you.	आस्था वाले लोग इसलिए याद रहते हैं कि उन्होंने उस पर भरोसा किया जो अभी दिख नहीं रहा था। जिन दिनों आगे का रास्ता धुँधला लगे, वैसा भरोसा आपको थाम लेता है।
Caring for the vulnerable	कमज़ोर की देखभाल
A recurring honour goes to those who cared for the small and the weak. In welcoming a tiny, dependent baby, you join that gentle tradition.	बार-बार उन्हीं को आदर मिलता है जिन्होंने छोटों और कमज़ोरों का ध्यान रखा। एक नन्हे, आप पर निर्भर शिशु का स्वागत करके आप उसी कोमल परंपरा में शामिल हो रही हैं।
Ordinary people, quiet faith	आम लोग, चुपचाप आस्था
Many remembered figures were ordinary people living with quiet faith. Your own ordinary, faithful days are part of the same story.	याद किए जाने वाले बहुत से लोग आम लोग ही थे, जो चुपचाप अपनी आस्था के साथ जीते रहे। आपके अपने आम, भरोसे से भरे दिन भी उसी कहानी का हिस्सा हैं।
Blessings for mother & baby	माँ और शिशु के लिए आशीर्वाद
A blessing over you	आप पर बरसता आशीर्वाद
Families often speak blessings over an expectant mother, simple wishes for safety, peace and joy. To be wished well, sincerely, is a quiet comfort worth receiving.	परिवार अक्सर होने वाली माँ पर आशीर्वाद कहते हैं — सुरक्षा, शांति और ख़ुशी की सीधी-सी दुआएँ। कोई सच्चे मन से आपका भला चाहे — यह एक चुपचाप तसल्ली है, इसे लेने में मत हिचकिए।
Welcomed with love	प्यार से किया गया स्वागत
Many later welcome a baby with a blessing or christening, a celebration of the child joining the family in love. The heart of it is belonging.	बहुत से लोग बाद में शिशु का स्वागत किसी आशीर्वाद या बपतिस्मा की रस्म से करते हैं — इस बात का उत्सव कि बच्चा प्यार के साथ परिवार में शामिल हुआ। इस सबका दिल एक ही बात है: अपनापन।
Held by community	समुदाय की गोद में
Church and community often surround new parents with practical help and encouragement. Letting yourself be carried a little is part of the gift.	चर्च और आसपास के लोग अक्सर नए माता-पिता को असली मदद और हौसले से घेर लेते हैं। थोड़ा-सा सहारा ले लेना भी इसी उपहार का हिस्सा है।
A new light	एक नई रोशनी
A new child is often spoken of as a light coming into the family. You are, gently, carrying a new light toward the world.	नए बच्चे को अक्सर परिवार में आती एक रोशनी कहा जाता है। आप धीरे-धीरे एक नई रोशनी दुनिया की ओर लिए चल रही हैं।
Gratitude and belonging	कृतज्ञता और अपनापन
The thread through all of it is gratitude and belonging: this child is wanted, loved and home. That truth is worth resting in.	इस सबसे होकर एक ही धागा गुज़रता है — कृतज्ञता और अपनापन: यह बच्चा चाहा गया है, प्यारा है, और अपने घर आ रहा है। इस सच पर टिककर बैठा जा सकता है।
Wished well	भला चाहा गया
Families often speak simple blessings over an expectant mother, wishes for safety, peace and joy. To be sincerely wished well is a quiet comfort worth receiving.	परिवार अक्सर होने वाली माँ पर सीधे-सादे आशीर्वाद कहते हैं — सुरक्षा, शांति और ख़ुशी की दुआएँ। कोई सच्चे मन से आपका भला चाहे — यह एक चुपचाप तसल्ली है, इसे ले लीजिए।
Welcomed in love	प्यार में स्वागत
Many later welcome a baby with a blessing or christening, celebrating the child joining the family. The heart of it is belonging.	बहुत से लोग बाद में शिशु का स्वागत किसी आशीर्वाद या बपतिस्मा की रस्म से करते हैं, इस बात का उत्सव करते हुए कि बच्चा परिवार में शामिल हुआ। इस सबका दिल एक ही बात है: अपनापन।
Surrounded by help	मदद से घिरा हुआ
Community often surrounds new parents with practical help and encouragement. Letting yourself be carried a little is part of the gift.	आसपास के लोग अक्सर नए माता-पिता को असली मदद और हौसले से घेर लेते हैं। थोड़ा-सा सहारा ले लेना भी इसी उपहार का हिस्सा है।
A light arriving	आती हुई एक रोशनी
A new child is often spoken of as a light coming into the family. You are gently carrying a new light toward the world.	नए बच्चे को अक्सर परिवार में आती एक रोशनी कहा जाता है। आप धीरे से एक नई रोशनी दुनिया की ओर लिए चल रही हैं।
Wanted and home	चाहा गया, और अपने घर
A recurring comfort is that this child is wanted, loved and already at home in your heart. That belonging begins long before the birth.	बार-बार लौटने वाली एक तसल्ली यह है कि यह बच्चा चाहा गया है, प्यारा है, और आपके दिल में पहले से ही अपने घर है। यह अपनापन जन्म से बहुत पहले शुरू हो जाता है।
Chosen guardians	चुने हुए रखवाले
Naming godparents or special guardians weaves more love around a child. Your baby will have many hearts looking out for them.	गॉडपैरेंट्स या कोई ख़ास रखवाले चुनना बच्चे के चारों ओर और प्यार बुन देता है। आपके शिशु का ध्यान रखने वाले कई दिल होंगे।
A name blessed	नाम पर आशीर्वाद
A child's name is often spoken with a blessing, a hope sent with it. Every time it is said, a good wish goes along.	बच्चे का नाम अक्सर एक आशीर्वाद के साथ लिया जाता है, उसके साथ एक उम्मीद भेजी जाती है। जब-जब वह नाम पुकारा जाता है, एक दुआ साथ चली जाती है।
Praying for a safe arrival	सुरक्षित आगमन की प्रार्थना
Loved ones often pray simply for a safe, gentle birth. Their quiet hopes are gathering around you and your baby.	अपने लोग अक्सर बस इतनी-सी प्रार्थना करते हैं — जन्म सुरक्षित हो, कोमल हो। उनकी चुपचाप दुआएँ आपके और आपके शिशु के चारों ओर जुट रही हैं।
A candle lit	एक जलती मोमबत्ती
Lighting a small candle is a tender way to hold someone in mind with hope. You might light one as you think of your baby.	एक छोटी मोमबत्ती जलाना किसी को उम्मीद के साथ मन में रखने का बहुत कोमल तरीक़ा है। आप भी अपने शिशु को सोचते हुए एक जला सकती हैं।
Gratitude for the gift	उपहार के लिए कृतज्ञता
New life is met with thankfulness for the gift it is. Letting gratitude rise makes the joy fuller.	नए जीवन का स्वागत इस कृतज्ञता से होता है कि वह एक उपहार है। कृतज्ञता को उठने दीजिए — ख़ुशी और भर जाती है।
It takes a village	एक बच्चे को पूरा मोहल्ला पालता है
There is deep wisdom in the idea that a child is raised by a whole community. Letting your village form around you blesses your baby too.	इस बात में गहरी समझ है कि एक बच्चे को पूरा समाज मिलकर पालता है। अपने आसपास वह घेरा बनने दीजिए — उसका आशीर्वाद आपके शिशु तक भी पहुँचता है।
Hopes for the child	बच्चे के लिए उम्मीदें
Blessings often carry hopes for the child's character, kindness, courage, joy. The hopes you hold now are the first of many.	आशीर्वादों में अक्सर बच्चे के स्वभाव की उम्मीदें बँधी होती हैं — दया, हिम्मत, ख़ुशी। आज आपके मन में जो उम्मीदें हैं, वे कई में से पहली हैं।
Peace wished over the home	घर पर शांति की दुआ
Blessings frequently wish peace over the whole household. A calm home is a gift your baby will be born into.	आशीर्वाद अक्सर पूरे घर पर शांति की दुआ देते हैं। एक शांत घर वह उपहार है जिसमें आपका शिशु जन्म लेगा।
Blessed in the waiting	इंतज़ार भी आशीर्वाद में
The waiting itself is sometimes blessed, honoured as sacred rather than just endured. Your patient months are part of the gift.	कभी-कभी इंतज़ार को भी आशीर्वाद दिया जाता है — उसे बस काटने की चीज़ नहीं, पवित्र माना जाता है। आपके ये धीरज भरे महीने भी उसी उपहार का हिस्सा हैं।
Held and not alone	सँभाली हुई, अकेली नहीं
Under every blessing is the reminder that you are held and not alone. Whatever today holds, that remains true.	हर आशीर्वाद के नीचे यही याद दिलाया जाता है कि आप सँभाली हुई हैं, अकेली नहीं। आज जो भी लेकर आए, यह बात सच बनी रहती है।
Jainism	जैन धर्म
Ahimsa, gentleness and a calm, reflective heart.	अहिंसा, कोमलता और एक शांत, मनन करता मन।
Ahimsa & compassion	अहिंसा और करुणा
Gentleness toward all life	हर जीव के प्रति कोमलता
At the heart of Jain thought is ahimsa, a deep gentleness and non-harm toward all living things. As you grow a new life, that reverence for life feels especially close to home.	जैन विचार के केंद्र में अहिंसा है — हर जीव के प्रति गहरी कोमलता और किसी को दुख न पहुँचाने का भाव। जब आप ख़ुद एक नया जीवन पाल रही हों, तो जीवन के प्रति यह आदर और भी अपना-सा लगता है।
A compassionate plate	करुणा से भरी थाली
This compassion often shows up in mindful, vegetarian eating and care not to harm. However you eat, the gentle intention behind it, to do as little harm as you can, is a beautiful one to carry.	यह करुणा अक्सर सोच-समझकर किए गए शाकाहारी भोजन में और किसी को दुख न पहुँचाने की सावधानी में दिखती है। आप जैसा भी खाती हों, उसके पीछे का कोमल भाव — जितना कम हो सके, उतना कम दुख देना — साथ रखने लायक़ सुंदर बात है।
Soft words, soft heart	नरम बोल, नरम मन
Non-harm extends to words and thoughts, not just actions, speaking kindly and thinking kindly. A calm, gentle inner world is a soothing place for your baby to grow.	अहिंसा सिर्फ़ कामों तक नहीं, बोल और विचार तक जाती है — मीठा बोलना और मीठा सोचना। एक शांत, कोमल भीतरी दुनिया आपके शिशु के पलने के लिए बहुत सुकून भरी जगह है।
Doing less harm, gently	कम दुख, धीरे-धीरे
Jain practice is realistic: it is about reducing harm with care, not achieving perfection. The same grace applies to pregnancy, small kind choices without pressure.	जैन साधना ज़मीन से जुड़ी है: बात दुख को ध्यान से घटाने की है, सब कुछ परिपूर्ण कर देने की नहीं। यही छूट गर्भावस्था पर भी लागू होती है — छोटे-छोटे अच्छे चुनाव, बिना किसी दबाव के।
Reverence for the small	छोटे के लिए आदर
There is a tender attention here to even the smallest forms of life. It is a lovely lens for these months, when the smallest of beginnings, your baby, means everything.	यहाँ सबसे नन्हे जीवों तक पर एक कोमल ध्यान रखा जाता है। इन महीनों को देखने के लिए यह कितना सुंदर नज़रिया है, जब सबसे छोटी-सी शुरुआत — आपका शिशु — ही सब कुछ है।
Reverence for life	जीवन के लिए आदर
At the heart of Jain thought is a deep gentleness toward all living things. As you grow a new life, that reverence feels especially close to home.	जैन विचार के केंद्र में हर जीव के प्रति गहरी कोमलता है। जब आप ख़ुद एक नया जीवन पाल रही हों, तो यह आदर और भी अपना-सा लगता है।
A gentle plate	एक कोमल थाली
Compassion often shows up in mindful, gentle eating. However you eat, the kind intention, to do as little harm as you can, is a beautiful one to carry.	करुणा अक्सर सोच-समझकर किए गए, कोमल भोजन में दिखती है। आप जैसा भी खाती हों, वह अच्छा भाव — जितना कम हो सके, उतना कम दुख देना — साथ रखने लायक़ सुंदर बात है।
Soft words, soft thoughts	नरम बोल, नरम विचार
Non-harm reaches into words and thoughts, not just actions. A calm, gentle inner world is a soothing place for your baby to grow.	अहिंसा सिर्फ़ कामों तक नहीं, बोल और विचार तक पहुँचती है। एक शांत, कोमल भीतरी दुनिया आपके शिशु के पलने के लिए बहुत सुकून भरी जगह है।
Gentler, not perfect	और कोमल, परिपूर्ण नहीं
Jain practice is realistic: it is about reducing harm with care, not perfection. The same grace fits pregnancy, small kind choices without pressure.	जैन साधना ज़मीन से जुड़ी है: बात दुख को ध्यान से घटाने की है, परिपूर्णता की नहीं। यही छूट गर्भावस्था पर भी बैठती है — छोटे-छोटे अच्छे चुनाव, बिना दबाव के।
Honouring the small	छोटे का मान
There is tender attention here to even the smallest forms of life. It is a lovely lens now, when the smallest beginning, your baby, means everything.	यहाँ सबसे नन्हे जीवों तक पर एक कोमल ध्यान है। अभी यह कितना सुंदर नज़रिया है, जब सबसे छोटी शुरुआत — आपका शिशु — ही सब कुछ है।
Compassion for yourself	अपने लिए भी करुणा
Gentleness toward all beings includes yourself. Be as careful and kind with your own body and heart as you would be with any living thing.	हर जीव के प्रति कोमलता में आप भी शामिल हैं। अपने शरीर और अपने मन के साथ उतनी ही सावधानी और नरमी बरतिए, जितनी आप किसी भी जीव के साथ बरततीं।
Careful steps	सँभलकर रखे क़दम
A mindful awareness of one's effect on the world is treasured. Moving through your days a little more gently is care for two.	यहाँ इस बात का ध्यान रखा जाता है कि हमारा असर दुनिया पर क्या पड़ रहा है। अपने दिनों में ज़रा और कोमलता से चलना — यह दो जनों की देखभाल है।
Kindness to creatures	जीव-जंतुओं पर दया
Tenderness toward animals and small creatures is part of this gentleness. Noticing and protecting little lives is a sweet habit to model.	जानवरों और छोटे जीवों के प्रति नरमी इसी कोमलता का हिस्सा है। नन्ही जानों को देखना और बचाना — बच्चे को दिखाने लायक़ एक मीठी आदत है।
Peace begins within	शांति भीतर से शुरू होती है
A peaceful outer life is seen to begin with a peaceful heart. Tending your own calm quietly tends your baby's world.	यहाँ माना जाता है कि बाहर की शांति भीतर के शांत मन से शुरू होती है। अपने ठहराव का ध्यान रखना चुपचाप आपके शिशु की दुनिया का ध्यान रखना है।
The path of least harm	सबसे कम दुख वाला रास्ता
The aim is to choose, again and again, the path of least harm. In pregnancy that can simply mean gentler choices, made without guilt.	कोशिश यही रहती है कि बार-बार वही रास्ता चुना जाए जिसमें सबसे कम दुख हो। गर्भावस्था में इसका मतलब बस इतना है — थोड़े और कोमल चुनाव, बिना अपराध-बोध के।
Patience as non-harm	धीरज भी अहिंसा है
Patience itself is a kind of gentleness, sparing others and yourself sharp edges. On hard days, a patient pause is a small act of care.	धीरज अपने आप में एक तरह की कोमलता है — दूसरों को और ख़ुद को तीखी चोट से बचा लेना। मुश्किल दिनों में एक धैर्य भरा ठहराव भी देखभाल का छोटा-सा काम है।
Respect woven in	आदर, रोज़ में बुना हुआ
Respect for life threads through ordinary actions, how you speak, eat and move. Let that respect include the little life you carry.	जीवन के लिए आदर रोज़ के कामों में बुना रहता है — आप कैसे बोलती हैं, खाती हैं, चलती हैं। उस आदर में उस नन्ही जान को भी शामिल कीजिए जिसे आप लिए चल रही हैं।
A gentle home	एक कोमल घर
Building a calm, harm-light home is a quiet expression of this value. Your baby will be born into the gentleness you create.	एक शांत घर बनाना, जहाँ किसी को कम से कम दुख पहुँचे, इसी भाव को चुपचाप जीना है। आप जो कोमलता बना रही हैं, आपका शिशु उसी में जन्म लेगा।
Gratitude for being alive	जीने की कृतज्ञता
There is wonder here at the gift of life itself. Pausing in awe that a new life is forming in you is its own gentle practice.	यहाँ जीवन के उपहार पर ही अचरज है। एक पल ठहरकर यह महसूस करना कि आपके भीतर एक नया जीवन बन रहा है — यह अपने आप में एक कोमल साधना है।
Kindness, repeated	दया, बार-बार
Compassion is treated as a daily practice, returned to again and again. Each small kind choice strengthens it, and your child will feel that warmth.	करुणा को रोज़ की साधना माना जाता है, जिस पर बार-बार लौटा जाता है। हर छोटा दयालु चुनाव उसे और मज़बूत करता है, और आपका बच्चा उस गर्माहट को महसूस करेगा।
Calm reflections	शांत मनन
Letting go lightly	हल्के हाथों से छोड़ देना
Jain wisdom values non-attachment, holding life's ups and downs a little more lightly. On anxious days, gently loosening your grip on what you cannot control can bring real relief.	जैन समझ अनासक्ति को मानती है — जीवन के उतार-चढ़ाव को ज़रा हल्के हाथों से थामना। घबराहट वाले दिनों में जो आपके बस में नहीं, उस पर पकड़ धीरे से ढीली कर देना सचमुच राहत देता है।
Stillness as strength	ठहराव में ताक़त
Quiet, reflective stillness is treasured, a settling of the restless mind. A few still minutes a day are a gift to both you and your baby.	यहाँ चुपचाप, मनन भरे ठहराव को बहुत माना जाता है — बेचैन मन का बैठ जाना। दिन के कुछ ठहरे हुए मिनट आपके और आपके शिशु, दोनों के लिए उपहार हैं।
A kind look inward	भीतर की ओर एक नरम नज़र
Looking honestly and kindly at your own heart is encouraged, not to judge but to grow. A gentle nightly check-in can be calming rather than critical.	अपने मन को सच्चाई और नरमी से देखना यहाँ अच्छा माना जाता है — ख़ुद को तौलने के लिए नहीं, बढ़ने के लिए। रात को अपने आप से एक कोमल हाल-चाल पूछना डाँट नहीं, तसल्ली बन सकता है।
Forgiveness and a fresh start	क्षमा और एक नई शुरुआत
Jain tradition cherishes forgiveness, letting go of grudges and beginning again. Releasing old weight makes room for the new life ahead.	जैन परंपरा में क्षमा को बहुत सहेजा जाता है — मन की गाँठें छोड़ देना और फिर से शुरू करना। पुराना बोझ उतार देने से आगे आने वाले नए जीवन के लिए जगह बनती है।
Peace from within	भीतर से उगी शांति
Lasting peace, in this view, is grown from the inside out. The calm you cultivate now is something you carry into motherhood.	इस नज़रिए में टिकने वाली शांति भीतर से बाहर की ओर उगती है। जो ठहराव आप अभी उगा रही हैं, वही आप माँ बनकर साथ ले जाएँगी।
Holding lightly	हल्के हाथ से थामना
Jain wisdom values holding life's ups and downs a little more lightly. On anxious days, loosening your grip on what you cannot control brings relief.	जैन समझ कहती है कि जीवन के उतार-चढ़ाव को ज़रा हल्के हाथों से थामिए। घबराहट वाले दिनों में जो आपके बस में नहीं, उस पर पकड़ ढीली करना राहत देता है।
The strength in stillness	ठहराव की ताक़त
Quiet, reflective stillness is treasured, a settling of the restless mind. A few still minutes a day are a gift to you and your baby.	चुपचाप, मनन भरे ठहराव को यहाँ बहुत माना जाता है — बेचैन मन का बैठ जाना। दिन के कुछ ठहरे हुए मिनट आपके और आपके शिशु के लिए उपहार हैं।
A gentle look within	भीतर एक कोमल झाँक
Looking honestly and gently at your own heart is encouraged, not to judge but to grow. A soft nightly check-in can calm rather than criticise.	अपने मन में सच्चाई और कोमलता से झाँकना यहाँ अच्छा माना जाता है — तौलने के लिए नहीं, बढ़ने के लिए। रात को अपने आप से एक नरम हाल-चाल पूछना आलोचना नहीं, शांति देता है।
The relief of forgiving	माफ़ कर देने की राहत
Forgiveness, letting go of grudges and beginning again, is cherished. Releasing old weight makes room for the new life ahead.	क्षमा — मन की गाँठें छोड़ देना और फिर से शुरू करना — यहाँ बहुत सहेजी जाती है। पुराना बोझ उतार देने से आगे आने वाले नए जीवन के लिए जगह बनती है।
Peace grown within	भीतर उगाई गई शांति
Lasting peace, in this view, is grown from the inside out. The calm you cultivate now you carry into motherhood.	इस नज़रिए में टिकने वाली शांति भीतर से बाहर की ओर उगती है। जो ठहराव आप अभी उगा रही हैं, वही माँ बनकर साथ ले जाएँगी।
Even-hearted days	एक-से मन वाले दिन
Meeting good and hard moments with a steady heart is admired. Some days glow and some ache; both pass, and neither is the whole.	अच्छे और कठिन, दोनों पलों को एक-से मन से मिलना यहाँ सराहा जाता है। कुछ दिन चमकते हैं, कुछ में टीस रहती है; दोनों गुज़र जाते हैं, और कोई भी पूरी कहानी नहीं है।
Simplicity soothes	सादगी सुकून देती है
A simpler life is seen to quiet the mind. Trimming your days to what truly matters can be its own calm.	यहाँ माना जाता है कि सादा जीवन मन को चुप करा देता है। अपने दिनों को छाँटकर उतना ही रखना जो सचमुच मायने रखता है — यह अपने आप में एक शांति है।
Loosening control	पकड़ ढीली करना
Much suffering is said to come from gripping too tightly. Letting the uncontrollable parts of pregnancy simply be can ease the heart.	कहा जाता है कि बहुत सारा दुख बहुत कसकर पकड़ लेने से आता है। गर्भावस्था के जो हिस्से आपके हाथ में नहीं, उन्हें बस होने देना मन को हल्का कर देता है।
Contentment within reach	संतोष, हाथ भर की दूरी पर
Contentment, being at peace with what is, is a deep wealth. Small enough-for-now moments are worth pausing on.	संतोष — जो है उससे मन का राज़ी हो जाना — एक गहरी दौलत है। छोटे-छोटे “अभी के लिए इतना काफ़ी है” वाले पलों पर ठहरना बनता है।
Patience practised	धीरज, अभ्यास से
Patience is treated as something you grow with practice. Each calm pause through a long day strengthens it.	धीरज को यहाँ ऐसी चीज़ माना जाता है जो अभ्यास से बढ़ती है। लंबे दिन के बीच हर शांत ठहराव उसे और मज़बूत करता है।
Inner freedom	भीतर की आज़ादी
A quiet freedom comes from needing less and grasping less. That lightness is a gift you can give yourself now.	कम चाहने और कम पकड़ने से एक चुपचाप आज़ादी आती है। यह हल्कापन एक उपहार है जो आप अभी ख़ुद को दे सकती हैं।
Gentle discipline	कोमल अनुशासन
Self-care here is gentle, steady, never harsh. Kind, consistent habits serve you better than strict ones.	यहाँ अपनी देखभाल कोमल है, टिकी हुई है, कभी कठोर नहीं। नरम और लगातार चलने वाली आदतें सख़्त आदतों से कहीं ज़्यादा काम आती हैं।
Beginning again	फिर से शुरू करना
There is grace in beginning again after a hard day, without self-blame. Tomorrow is always a fresh page.	मुश्किल दिन के बाद बिना ख़ुद को दोष दिए फिर से शुरू कर देने में एक सुंदरता है। कल हमेशा एक कोरा पन्ना होता है।
Quiet over noise	शोर के बजाय चुप्पी
Calm is found by turning down the noise, outer and inner. Choosing a little quiet is choosing peace for two.	ठहराव शोर को धीमा करने से मिलता है — बाहर का भी, भीतर का भी। थोड़ी-सी चुप्पी चुनना दो जनों के लिए शांति चुनना है।
A settled heart	एक बैठा हुआ मन
A settled heart is treated as the ground of a good life. Tending yours is among the kindest things you can do for your baby.	एक बैठे हुए मन को अच्छे जीवन की ज़मीन माना जाता है। अपने मन का ध्यान रखना उन सबसे अच्छी चीज़ों में से है जो आप अपने शिशु के लिए कर सकती हैं।
Buddhism	बौद्ध धर्म
Mindfulness, loving-kindness and gentle calm.	सजगता, मैत्री और एक कोमल ठहराव।
Mindfulness & calm	सजगता और ठहराव
One breath at a time	एक साँस, एक बार में
Mindfulness, simply being present one breath at a time, is at the core of Buddhist practice. When pregnancy feels overwhelming, returning to this breath, right now, is always available to you.	सजगता — बस एक-एक साँस के साथ यहीं मौजूद रहना — बौद्ध साधना का केंद्र है। जब गर्भावस्था भारी लगने लगे, तो इसी साँस पर, अभी इसी पल में लौट आना हमेशा आपके पास है।
Noticing without judging	देखिए, तौलिए मत
A gentle skill here is noticing feelings as they come and go, without grabbing or fighting them. Emotions, like weather, pass, and you can watch them with kindness.	यहाँ एक कोमल हुनर है — भावनाओं को आते-जाते देखते रहना, न उन्हें पकड़ना, न उनसे लड़ना। मन के भाव मौसम की तरह गुज़र जाते हैं, और आप उन्हें नरमी से देख सकती हैं।
This moment is enough	यही पल काफ़ी है
Much of this teaching points to the peace of the present moment rather than the imagined future. A hand on your bump, a slow breath: this moment, just as it is, can be enough.	इस सीख का बड़ा हिस्सा कल्पना के भविष्य की नहीं, इसी पल की शांति की ओर इशारा करता है। पेट पर एक हाथ, एक धीमी साँस — यह पल, जैसा है वैसा ही, काफ़ी हो सकता है।
Calm is contagious	ठहराव फैलता है
A settled, mindful state ripples outward to those near you, including your baby. Tending your own calm is quietly tending theirs.	एक बैठा हुआ, सजग मन आसपास वालों तक लहर की तरह पहुँचता है — आपके शिशु तक भी। अपने ठहराव का ध्यान रखना चुपचाप उसके ठहराव का ध्यान रखना है।
Back to the breath	फिर साँस पर
Mindfulness, being present one breath at a time, is at the core of this practice. When pregnancy feels overwhelming, this breath, right now, is always available.	सजगता — एक-एक साँस के साथ यहीं मौजूद रहना — इस साधना का केंद्र है। जब गर्भावस्था भारी लगने लगे, तो यह साँस, अभी इसी पल की, हमेशा मौजूद है।
Noticing, not judging	देखना, तौलना नहीं
A gentle skill is noticing feelings as they come and go without grabbing or fighting them. Emotions, like weather, pass, and you can watch them kindly.	एक कोमल हुनर यह है — भावनाओं को आते-जाते देखना, न पकड़ना, न लड़ना। मन के भाव मौसम की तरह गुज़र जाते हैं, और आप उन्हें नरमी से देख सकती हैं।
Enough, right now	अभी, इतना काफ़ी
Much of this points to the peace of the present rather than the imagined future. A hand on your bump, a slow breath, this moment can be enough.	इसका बड़ा हिस्सा कल्पना के भविष्य की नहीं, इसी पल की शांति की ओर इशारा करता है। पेट पर एक हाथ, एक धीमी साँस — यह पल काफ़ी हो सकता है।
Calm spreads	ठहराव फैल जाता है
A settled, mindful state ripples to those near you, including your baby. Tending your calm is quietly tending theirs.	एक बैठा हुआ, सजग मन आसपास वालों तक पहुँचता है — आपके शिशु तक भी। अपने ठहराव का ध्यान रखना चुपचाप उसके ठहराव का ध्यान रखना है।
Everything changes	सब कुछ बदलता है
A core idea is that all things shift and pass, the hard moments too. Remembering this can soften a difficult day.	एक मूल बात यह है कि सब कुछ बदलता है और गुज़र जाता है — कठिन पल भी। यह याद रहे तो मुश्किल दिन नरम पड़ जाता है।
A fresh look	एक नई नज़र
Meeting things with a beginner's openness, as if new, brings wonder back. Each scan and flutter can be met with fresh eyes.	हर चीज़ को नौसिखिए के खुलेपन से, नया मानकर मिलना — अचरज लौटा लाता है। हर scan और हर हलचल को नई आँखों से देखा जा सकता है।
A gentle body scan	शरीर पर एक कोमल नज़र
Slowly noticing the body, part by part, with kindness, can release held tension. A few minutes of this is soothing for two.	अपने शरीर को धीरे-धीरे, एक-एक हिस्से से, नरमी के साथ महसूस करना जमा हुआ तनाव छोड़ देता है। इसके कुछ मिनट दो जनों को सुकून देते हैं।
Mindful steps	सजग क़दम
Even a slow, attentive walk can become a calming practice. Feeling each step roots you in the present.	एक धीमी, ध्यान से चली गई सैर भी शांति की साधना बन सकती है। हर क़दम को महसूस करना आपको इसी पल में जमा देता है।
Thoughts drifting by	बहते हुए विचार
Thoughts can be watched like leaves floating past on a stream. You need not chase each one; let them drift.	विचारों को ऐसे देखा जा सकता है जैसे धारा पर बहती पत्तियाँ। हर एक के पीछे भागने की ज़रूरत नहीं; उन्हें बहने दीजिए।
Kindness to this moment	इस पल के साथ नरमी
Meeting the present moment gently, whatever it holds, is the practice. Even a tiring moment can be met without resistance.	इस पल में जो भी हो, उससे कोमलता से मिलना ही साधना है। थका देने वाले पल से भी बिना अड़े मिला जा सकता है।
Gentle attention	कोमल ध्यान
Bringing soft, curious attention to ordinary things, tea, light, breath, can calm the mind. Small noticing is a doorway to peace.	मामूली चीज़ों पर नरम, जिज्ञासु ध्यान ले जाना — चाय, रोशनी, साँस — मन को शांत कर देता है। छोटी-छोटी बातों को देखना शांति का दरवाज़ा है।
Always returning	हमेशा लौट आना
The practice is not to never wander but to keep returning. Each gentle return is the whole of it.	साधना यह नहीं कि मन कभी भटके ही नहीं — साधना यह है कि हर बार लौट आइए। हर कोमल वापसी ही पूरी साधना है।
Present with your baby	अपने शिशु के साथ, इसी पल में
A few quiet, present minutes with a hand on your bump deepen the bond. Your baby shares in your settled attention.	पेट पर हाथ रखकर बिताए कुछ चुप, मौजूद मिनट रिश्ते को गहरा करते हैं। आपका ठहरा हुआ ध्यान आपके शिशु तक भी पहुँचता है।
Ease over effort	ज़ोर नहीं, सहजता
Calm is invited, not forced; striving for peace can undo it. Let ease come gently, on its own time.	ठहराव को बुलाया जाता है, ज़बरदस्ती नहीं लाया जाता; शांति के लिए ज़ोर लगाना उसी को बिगाड़ देता है। सहजता को अपने समय पर, धीरे से आने दीजिए।
A little spaciousness	थोड़ी-सी जगह
Pausing creates a small space between feeling and reacting. In that space, a calmer choice can appear.	एक ठहराव महसूस करने और प्रतिक्रिया देने के बीच थोड़ी-सी जगह बना देता है। उसी जगह में एक शांत चुनाव उभर आता है।
Rest in the breath	साँस में आराम
When the mind is busy, the breath is a quiet place to rest. A few slow breaths can settle a whole afternoon.	जब मन उलझा हो, तो साँस आराम करने की एक चुप जगह है। कुछ धीमी साँसें पूरी दोपहर को बैठा देती हैं।
Loving-kindness	मैत्री का भाव
Wishing yourself well	अपना भला चाहना
Loving-kindness practice often begins by wishing yourself well, may you be safe, may you be peaceful. It is a tender reminder that you, too, deserve the gentleness you are giving.	मैत्री की साधना अक्सर अपना ही भला चाहने से शुरू होती है — आप सुरक्षित रहें, आपका मन शांत रहे। यह कोमल याद दिलाती है कि जो नरमी आप दूसरों को दे रही हैं, उसकी हक़दार आप भी हैं।
Widening the circle	घेरा फैलाना
From yourself, the good wishes widen, to your baby, your family, and outward to all beings. A simple wish for happiness and safety is a sweet thing to whisper to your bump.	अपने से शुरू होकर ये शुभकामनाएँ फैलती जाती हैं — आपके शिशु तक, परिवार तक, और आगे हर जीव तक। ख़ुशी और सलामती की एक सीधी-सी दुआ अपने पेट के पास धीरे से कह देना कितना मीठा लगता है।
Kindness as practice	दया, एक साधना
Here, kindness is not a mood but a practice you return to daily. Each small, warm choice strengthens it, and your child will feel that warmth.	यहाँ दया कोई मूड नहीं, एक साधना है जिस पर आप रोज़ लौटती हैं। हर छोटा, गर्म चुनाव उसे मज़बूत करता है, और आपका बच्चा उस गर्माहट को महसूस करेगा।
Begin with yourself	शुरुआत अपने से
Loving-kindness often begins by wishing yourself well, may you be safe, may you be at peace. It is a tender reminder that you deserve the gentleness you give.	मैत्री अक्सर अपना ही भला चाहने से शुरू होती है — आप सुरक्षित रहें, आपका मन शांत रहे। यह कोमल याद दिलाती है कि जो नरमी आप देती हैं, उसकी हक़दार आप भी हैं।
The circle grows	घेरा बढ़ता जाता है
From yourself, good wishes widen to your baby, your family, and outward. A simple wish for happiness is sweet to whisper to your bump.	अपने से शुरू होकर शुभकामनाएँ आपके शिशु, आपके परिवार और उससे आगे तक फैलती जाती हैं। ख़ुशी की एक सीधी-सी दुआ पेट के पास धीरे से कहना बहुत मीठा लगता है।
Kindness, practised daily	दया, रोज़ का अभ्यास
Here kindness is not a passing mood but a practice you return to daily. Each warm choice strengthens it, and your child will feel that warmth.	यहाँ दया कोई गुज़र जाने वाला मूड नहीं, एक साधना है जिस पर आप रोज़ लौटती हैं। हर गर्म चुनाव उसे मज़बूत करता है, और आपका बच्चा उस गर्माहट को महसूस करेगा।
A wish for your baby	अपने शिशु के लिए एक दुआ
Sending a gentle wish toward your baby, may you be safe, may you be loved, is a lovely habit. Said with a hand on your bump, it begins a quiet bond.	अपने शिशु की ओर एक कोमल दुआ भेजना — तुम सुरक्षित रहो, तुम्हें ख़ूब प्यार मिले — कितनी सुंदर आदत है। पेट पर हाथ रखकर कही गई यह बात एक चुपचाप रिश्ता शुरू कर देती है।
Kindness on hard days	मुश्किल दिनों की दया
Loving-kindness is most needed on the days you feel least lovable. Offering yourself warmth then is the heart of the practice.	मैत्री की सबसे ज़्यादा ज़रूरत उन्हीं दिनों होती है जब आपको ख़ुद पर प्यार सबसे कम आता है। तब ख़ुद को गर्माहट देना ही इस साधना का दिल है।
Soft words to yourself	अपने आप से नरम बोल
Speaking to yourself as you would to a dear friend is a form of this kindness. Trade the harsh inner voice for a gentler one.	अपने आप से वैसे ही बात कीजिए जैसे किसी प्यारी सहेली से करतीं — यह भी इसी दया का रूप है। भीतर की कड़वी आवाज़ की जगह एक नरम आवाज़ रख दीजिए।
Forgiving yourself	ख़ुद को माफ़ करना
Releasing yourself from yesterday's mistakes is an act of kindness. You are allowed to begin again, gently.	कल की ग़लतियों से ख़ुद को छोड़ देना भी दया का ही काम है। आपको फिर से शुरू करने की इजाज़त है — धीरे से।
Warmth toward all	सबके लिए गर्माहट
The practice widens until it includes even strangers and difficult people. A general goodwill lightens your own heart most of all.	यह साधना फैलते-फैलते अनजानों और मुश्किल लोगों तक को अपने में ले लेती है। सबका भला चाहने से सबसे ज़्यादा हल्का आपका अपना मन होता है।
Kindness to the weary	थके हुओं पर नरमी
Extra gentleness for the tired, including yourself, fits this practice. On low days, soften what you ask of yourself.	थके हुए लोगों के लिए थोड़ी और नरमी — और उनमें आप भी हैं — इसी साधना का हिस्सा है। मन उदास हो तो अपने आप से कम माँगिए।
A peaceful wish	एक शांत दुआ
Wishing peace, for yourself and others, is simple and steadying. Even a silent may-all-be-at-ease calms the one who says it.	अपने लिए और सबके लिए शांति चाहना सीधा भी है और मन को थामने वाला भी। मन ही मन कहा गया “सब सुख से रहें” कहने वाले को ही सबसे पहले शांत कर देता है।
Kindness multiplies	दया बढ़ती जाती है
Warmth given tends to ripple outward and return. The gentleness you offer now grows beyond what you can see.	दी हुई गर्माहट लहर बनकर फैलती है और लौट आती है। जो नरमी आप आज दे रही हैं, वह आपकी नज़र से कहीं आगे तक बढ़ती है।
Small kind acts	छोटे-छोटे अच्छे काम
Loving-kindness lives in small acts as much as grand ones. A soft word or patient pause carries it.	मैत्री बड़े कामों जितनी ही छोटे कामों में रहती है। एक नरम बोल या एक धैर्य भरा ठहराव भी उसे साथ लिए चलता है।
A softening heart	नरम पड़ता मन
The practice gradually softens a guarded heart. As you open to your baby, that tenderness widens to everyone.	यह साधना धीरे-धीरे बंद पड़े मन को नरम कर देती है। जैसे-जैसे आप अपने शिशु के लिए खुलती हैं, वही कोमलता सबके लिए फैलती जाती है।
Kindness as calm	दया ही ठहराव है
A kind heart and a calm heart tend to be the same heart. Choosing kindness is also choosing peace for two.	दयालु मन और शांत मन अक्सर एक ही मन होते हैं। दया चुनना दो जनों के लिए शांति चुनना भी है।
May you be safe	आप सुरक्षित रहें
A simple repeated wish, may you be safe, may you be well, can settle a restless mind. Offer it first to yourself, then to your baby.	एक सीधी-सी दुआ, बार-बार दोहराई गई — आप सुरक्षित रहें, आप भली रहें — बेचैन मन को बैठा देती है। पहले इसे अपने लिए कहिए, फिर अपने शिशु के लिए।
Holding others gently	दूसरों को कोमलता से थामना
Picturing loved ones and silently wishing them well warms the heart. Your baby rides along in that circle of care.	अपने लोगों को मन में देखना और चुपचाप उनका भला चाहना दिल को गर्म कर देता है। देखभाल के उस घेरे में आपका शिशु भी साथ चलता है।
Beginning with warmth	गर्माहट से शुरुआत
Starting the day with one warm wish sets a gentle tone. A single kind thought, offered sincerely, is enough.	दिन की शुरुआत एक गर्म दुआ से कीजिए — पूरा दिन कोमल हो जाता है। सच्चे मन से सोचा गया एक अच्छा ख़याल ही काफ़ी है।
Stories, simply retold	कहानियाँ, सरल शब्दों में
The middle path	बीच का रास्ता
A well-known idea is the middle way, avoiding harsh extremes and choosing balance. In pregnancy that is wise and freeing: not too much pressure, not too little care, just gentle, steady balance.	एक जानी-पहचानी बात है मध्यम मार्ग — कठोर छोर छोड़कर संतुलन चुनना। गर्भावस्था में यह समझदारी भी है और राहत भी: न बहुत दबाव, न बहुत लापरवाही — बस कोमल, टिका हुआ संतुलन।
Comfort in shared humanity	साझे दुख में तसल्ली
A tender old story tells of a grieving mother who learns, gently, that loss has touched every household, and finds comfort in that shared humanity. Simply retold, it is a reminder that you are never as alone in your feelings as they seem.	एक कोमल पुरानी कहानी है — एक दुखी माँ, जिसे धीरे-धीरे यह समझ आता है कि किसी न किसी का जाना हर घर ने देखा है, और इसी साझे दुख में उसे तसल्ली मिलती है। सीधे शब्दों में, यह याद दिलाती है कि अपनी भावनाओं में आप उतनी अकेली कभी नहीं होतीं जितनी लगती हैं।
A lamp passed on	एक दीया, आगे बढ़ता हुआ
Stories often picture wisdom as a lamp passed from one person to the next, losing none of its light. The love and calm you carry now is a light you will pass to your child.	कहानियाँ अक्सर समझ को ऐसा दीया बताती हैं जो एक हाथ से दूसरे हाथ जाता है और उसकी रोशनी ज़रा भी कम नहीं होती। जो प्यार और ठहराव आज आपके पास है, वही रोशनी आप अपने बच्चे को सौंपेंगी।
The second arrow	दूसरा तीर
A teaching describes how pain is like one arrow, but worrying about it is a second arrow we fire at ourselves. In pregnancy, you can feel the real discomfort without adding the extra arrow of fear.	एक सीख कहती है कि दर्द एक तीर की तरह है, पर उसकी चिंता वह दूसरा तीर है जो हम ख़ुद अपने ऊपर चला लेते हैं। गर्भावस्था में असली तकलीफ़ को महसूस कीजिए, पर डर का दूसरा तीर उसमें मत जोड़िए।
Setting down the load	बोझ नीचे रख देना
An old story tells of a traveller who carried someone across a river, then walked on, while his companion kept carrying the memory for miles. It gently asks: what are you still carrying that you could set down?	एक पुरानी कहानी है — एक राही किसी को नदी पार करा देता है और आगे बढ़ जाता है, जबकि उसका साथी उस बात को मीलों तक मन में ढोता रहता है। यह धीरे से पूछती है: आप अब भी क्या ढो रही हैं, जिसे नीचे रखा जा सकता है?
The cup already full	पहले से भरा प्याला
A well-known tale tells of a teacher pouring tea into a cup until it overflows, to show that a full mind cannot receive. Making a little empty space, a quiet pause, lets new calm in.	एक जानी-पहचानी कहानी है — एक गुरु प्याले में चाय उँडेलते जाते हैं जब तक वह छलक न पड़े, यह दिखाने के लिए कि भरा हुआ मन कुछ नहीं ले सकता। थोड़ी-सी ख़ाली जगह बना लीजिए, एक चुप ठहराव — नया सुकून वहीं से भीतर आता है।
Who knows what is good	क्या पता, यह अच्छा है या बुरा
A gentle story follows a farmer who meets each turn of fortune with who knows whether this is good or bad. It is freeing in pregnancy, where not every surprise can be judged at once.	एक कोमल कहानी एक किसान की है, जो क़िस्मत के हर मोड़ पर बस इतना कहता है — क्या पता, यह अच्छा है या बुरा। गर्भावस्था में यह बात मन हल्का कर देती है, जहाँ हर अचानक बात को उसी वक़्त तौला नहीं जा सकता।
The cracked pot	चटका हुआ घड़ा
One tale tells of a cracked water pot that, leaking along the path, unknowingly watered a row of flowers. Our imperfections, too, can quietly bring beauty we never planned.	एक कहानी है — एक चटका हुआ घड़ा, जो रास्ते भर रिसता रहा और अनजाने में फूलों की एक पूरी क़तार सींच गया। हमारी कमियाँ भी चुपचाप ऐसी सुंदरता ले आती हैं जिसकी हमने कभी योजना ही नहीं बनाई।
A single candle	एक अकेली लौ
A loved image shows one candle lighting many others without losing any of its own flame. The love and calm you carry can be shared endlessly and never run out.	एक प्यारी तस्वीर है — एक मोमबत्ती कई और मोमबत्तियाँ जला देती है और उसकी अपनी लौ ज़रा भी कम नहीं होती। जो प्यार और ठहराव आपके पास है, वह जितना बाँटिए, कभी ख़त्म नहीं होता।
The raft you can put down	वह बेड़ा, जिसे रखा जा सकता है
A teaching likens helpful practices to a raft for crossing a river, useful, but not meant to be carried on your back forever. Hold your routines lightly; keep what helps, release the rest.	एक सीख काम आने वाली आदतों को नदी पार करने के बेड़े जैसा बताती है — ज़रूरी, पर हमेशा पीठ पर ढोने के लिए नहीं। अपनी दिनचर्या को हल्के हाथों से थामिए; जो काम आए उसे रखिए, बाक़ी छोड़ दीजिए।
The blind men and the elephant	हाथी और उसे टटोलते लोग
An old story tells of several people each touching one part of an elephant and describing something different. It is a gentle reminder to hold our own view humbly, especially amid so much pregnancy advice.	एक पुरानी कहानी है — कई लोग हाथी के अलग-अलग हिस्सों को छूते हैं और हर एक कुछ अलग बताता है। यह धीरे से याद दिलाती है कि अपनी राय को थोड़ी विनम्रता से थामिए — ख़ासकर तब, जब गर्भावस्था को लेकर इतनी सलाहें चारों ओर हों।
A handful of leaves	मुट्ठी भर पत्ते
One tale pictures a teacher holding a few leaves, saying what truly matters is small and simple compared to a whole forest of ideas. For you, the essentials are few: rest, nourish, love.	एक कहानी में एक गुरु मुट्ठी में कुछ पत्ते लिए कहते हैं कि विचारों के पूरे जंगल के सामने जो सचमुच काम का है, वह थोड़ा-सा और सीधा-सा है। आपके लिए भी ज़रूरी बातें गिनी-चुनी हैं: आराम, पोषण, प्यार।
The wise response	समझदारी भरा जवाब
A story tells of a calm man who, offered an insult, simply did not accept it, so it stayed with the giver. You can let unkind or anxious words pass without taking them in.	एक कहानी है — एक शांत आदमी, जिसे किसी ने अपशब्द कहे, और उसने उन्हें लिया ही नहीं, तो वे कहने वाले के पास ही रह गए। कड़वी या डराने वाली बातों को भी ऐसे ही गुज़र जाने दीजिए, भीतर मत उतारिए।
Drop by drop	बूँद-बूँद
A simple image notes that a water pot fills drop by drop, and so does goodness. Your small daily acts of care are quietly filling something beautiful.	एक सीधी-सी तस्वीर कहती है कि घड़ा बूँद-बूँद भरता है, और भलाई भी वैसे ही। रोज़ की आपकी छोटी-छोटी देखभालें चुपचाप कुछ बहुत सुंदर भर रही हैं।
The strawberry on the cliff	चट्टान पर लगी वह स्ट्रॉबेरी
An old story tells of a traveller in danger who pauses to taste a wild strawberry, sweet, right then. It is a tender nudge to taste the good moments even in an uncertain stretch.	एक पुरानी कहानी है — ख़तरे में फँसा एक राही रुककर एक जंगली स्ट्रॉबेरी चख लेता है, जो उसी पल मीठी है। यह कोमल इशारा है कि अनिश्चित दौर में भी अच्छे पलों का स्वाद ले लीजिए।
Carrying less	कम ढोना
A tale honours a wanderer who travelled light and was free because of it. Letting go of a few worries lightens your own road too.	एक कहानी उस घुमक्कड़ को सराहती है जो हल्का चलता था और इसीलिए आज़ाद था। कुछ चिंताएँ छोड़ देने से आपका रास्ता भी हल्का हो जाता है।
The echo	गूँज
One story likens the world to an echo that returns what we call into it. The gentleness you send out tends to come back to you.	एक कहानी दुनिया को गूँज जैसा बताती है — हम जो पुकारते हैं, वही लौटकर आता है। जो कोमलता आप बाहर भेजती हैं, वह आपके पास लौट आती है।
A quiet teacher	एक चुपचाप गुरु
Some stories show wisdom taught not by words but by a calm, steady presence. The calm you embody now teaches your baby before a single word is spoken.	कुछ कहानियों में समझ शब्दों से नहीं, एक शांत और टिकी हुई मौजूदगी से सिखाई जाती है। आज आप जो ठहराव जी रही हैं, वह आपके शिशु को एक भी शब्द कहे बिना सिखा देता है।
The melting snow	पिघलती बर्फ़
A gentle image watches snow melt in its own time, with no need to rush it. Your body and baby are unfolding at their own pace; you need not hurry them.	एक कोमल तस्वीर बर्फ़ को अपने समय पर पिघलते देखती है, बिना कोई जल्दी मचाए। आपका शरीर और आपका शिशु अपनी रफ़्तार से खुल रहे हैं; उन्हें जल्दी करने की ज़रूरत नहीं।
Footprints on water	पानी पर पड़े निशान
One reflection notes that troubles, like footprints on water, can close over and fade. Many of today's worries will quietly smooth away in time.	एक मनन कहता है कि परेशानियाँ पानी पर पड़े निशानों की तरह होती हैं — भर जाती हैं, मिट जाती हैं। आज की बहुत सी चिंताएँ समय के साथ चुपचाप बैठ जाएँगी।
Others	अन्य
Universal, gentle reflections beyond any one tradition.	सबके लिए कोमल बातें — किसी एक परंपरा से परे।
Calm for everyone	सबके लिए ठहराव
A quiet worth all its own	एक चुप्पी, अपने आप में क़ीमती
Whatever you believe, or if you hold no faith at all, a few still minutes are their own gentle gift. Peace does not require a tradition; it only asks for a pause.	आप जो भी मानती हों, या कुछ भी न मानती हों — कुछ ठहरे हुए मिनट अपने आप में एक कोमल उपहार हैं। शांति के लिए किसी परंपरा की ज़रूरत नहीं; वह बस एक ठहराव माँगती है।
Kindness needs no label	दया को किसी नाम की ज़रूरत नहीं
The wish to be gentle with yourself and your baby belongs to everyone. You can offer it freely, in your own words, without borrowing anyone's language.	अपने साथ और अपने शिशु के साथ कोमल रहने की चाह सबकी है। इसे आप खुलकर, अपने ही शब्दों में दे सकती हैं — किसी और की भाषा उधार लिए बिना।
Gratitude, plainly felt	कृतज्ञता, सीधे-सादे ढंग से
Noticing one good thing in a day is a comfort available to anyone. A warm cup, a small kick, a soft light: these are enough to be thankful for.	दिन में एक अच्छी बात पर नज़र डाल लेना — यह तसल्ली किसी को भी मिल सकती है। एक गर्म प्याला, एक छोटी-सी लात, एक नरम रोशनी: शुक्रिया कहने के लिए इतना काफ़ी है।
Held by the ordinary	रोज़मर्रा का सहारा
Sometimes steadiness comes not from anything grand but from the plain, reliable rhythm of a day. Let the ordinary hold you when the big questions feel heavy.	कभी-कभी टिकाव किसी बड़ी चीज़ से नहीं, दिन की सीधी-सादी, भरोसेमंद लय से आता है। जब बड़े सवाल भारी लगें, तो रोज़मर्रा को अपना सहारा बन जाने दीजिए।
Your own gentle ritual	अपनी एक कोमल रीत
You are free to make a small ritual entirely your own, a candle, a breath, a hand on your bump. What matters is the care you put into it, not where it came from.	आप अपनी एक छोटी-सी रीत बिलकुल अपने ढंग से बना सकती हैं — एक मोमबत्ती, एक साँस, पेट पर रखा एक हाथ। मायने यह रखता है कि आपने उसमें कितना मन लगाया, यह नहीं कि वह कहाँ से आई।
Breathing is universal	साँस सबकी एक जैसी है
Across every tradition and none, the slow breath calms the body the same way. A few long, even breaths are a practice anyone can keep, anywhere.	हर परंपरा में, और बिना किसी परंपरा के भी, धीमी साँस शरीर को एक ही तरह शांत करती है। कुछ लंबी, एक-सी साँसें — यह अभ्यास कोई भी, कहीं भी कर सकता है।
