Islam	इस्लाम
Gratitude, gentle care for the mother, heartfelt prayer.	शुक्र, माँ की नरम देखभाल, और दिल से निकली दुआ।
Gratitude & heartfelt prayer	शुक्र और दिल से निकली दुआ
A trust to be grateful for	एक अमानत, जिसका शुक्र बनता है
Pregnancy is often received as a gift and a trust, something precious placed in your care. Pausing to feel grateful, even on a tired day, can soften the worry and steady the heart.	गर्भावस्था को अक्सर एक तोहफ़ा और एक अमानत माना जाता है — कुछ बेशक़ीमती, जो आपके भरोसे सौंपा गया है। थकान भरे दिन में भी दो पल ठहरकर शुक्र कर लेना फ़िक्र को नरम कर देता है और मन को थाम लेता है।
Praying in your own words	अपने ही लफ़्ज़ों में दुआ
Heartfelt prayer does not need to be formal; many simply speak to God from the heart, asking for a healthy baby and a safe delivery. Whatever words come to you, said sincerely, are enough.	दुआ के लिए कोई तयशुदा साँचा ज़रूरी नहीं — बहुत लोग बस दिल से ख़ुदा से बात कर लेते हैं, बच्चे की सेहत और सही-सलामत जन्म की दुआ माँग लेते हैं। जो लफ़्ज़ आपके मन से निकलें, सच्चे दिल से कहे जाएँ, वही काफ़ी हैं।
Patience as strength	सब्र ही एक ताक़त है
Patience through discomfort and waiting is deeply valued, and seen as a quiet strength rather than weakness. The long days are not wasted; they are part of what you are building.	तकलीफ़ और इंतज़ार में जो सब्र रखा जाता है, उसकी बड़ी क़द्र है — उसे कमज़ोरी नहीं, चुपचाप निभाई गई ताक़त माना जाता है। ये लंबे दिन बेकार नहीं जा रहे; ये भी उसी का हिस्सा हैं जो आप गढ़ रही हैं।
Hope after hardship	मुश्किल के बाद आसानी
A reassuring idea is that ease tends to follow hardship, that hard stretches do not last forever. Holding gently to that hope can carry you through the heavier days.	एक बात मन को तसल्ली देती है — मुश्किल के पीछे-पीछे आसानी आती है, कठिन दौर हमेशा नहीं रहता। इस उम्मीद को हल्के हाथ से थामे रहना भारी दिनों से पार लगा देता है।
Small thanks, often	छोटा शुक्र, बार-बार
Gratitude is encouraged not as a grand gesture but as a habit, small thanks given often. A whispered thank-you for a kick, a meal, a good scan, all add up.	शुक्र को कोई बड़ा आयोजन नहीं, एक आदत माना गया है — छोटा-छोटा शुक्र, बार-बार। एक लात के लिए, एक थाली के लिए, एक अच्छे स्कैन के लिए धीरे से कहा गया शुक्रिया — सब जुड़ता जाता है।
Thanking your body	अपने शरीर का शुक्रिया
Your body is quietly working day and night to grow your baby, and that is worth a moment of thanks. Even when it aches, you can rest a hand where it hurts and gently thank it for carrying on.	आपका शरीर दिन-रात चुपचाप आपके बच्चे को बड़ा कर रहा है — इतना तो एक पल के शुक्रिया का हक़ रखता ही है। जहाँ दर्द हो वहीं हाथ रखकर आप धीरे से उसका शुक्रिया कह सकती हैं कि वह फिर भी लगा हुआ है।
A prayer to begin the day	दिन की शुरुआत, एक दुआ के साथ
Some like to start the morning with a few heartfelt words, asking for ease and strength for the hours ahead. It need only be a breath and a sentence, offered before the day rushes in.	कुछ लोग सुबह की शुरुआत दिल से कहे दो-चार लफ़्ज़ों से करते हैं — आगे आने वाले घंटों के लिए आसानी और हिम्मत माँग लेते हैं। इसके लिए एक साँस और एक वाक्य ही काफ़ी है, दिन के भागने से पहले कह लीजिए।
A prayer to close the day	दिन का अंत, एक दुआ के साथ
Ending the day with a quiet word of thanks settles the heart for rest. You might simply name one good thing and hand the rest of your worries over for the night.	दिन को शुक्र के एक शांत लफ़्ज़ के साथ बंद करना मन को आराम के लिए तैयार कर देता है। आप बस एक अच्छी बात का नाम ले लीजिए, और बाक़ी फ़िक्रें रात भर के लिए सौंप दीजिए।
Turning worry into a wish	फ़िक्र को दुआ में बदल देना
When anxiety rises, it can help to turn it gently into a prayer, a wish for safety rather than a loop of fear. The worry becomes something you place in kinder hands.	जब घबराहट उठे, तो उसे धीरे से एक दुआ में बदल देना मदद करता है — डर के चक्कर की जगह सलामती की एक ख़्वाहिश। फिर वह फ़िक्र वह चीज़ बन जाती है जिसे आप किसी नरम हाथों में रख देती हैं।
Grateful for the first flutters	पहली हलचल का शुक्र
The first small movements are an easy thing to give thanks for, a quiet hello from your baby. Pausing to notice them turns an ordinary moment into a small blessing.	पहली नन्ही हलचलों का शुक्र करना सबसे आसान है — यह आपके बच्चे का चुपचाप कहा गया नमस्ते है। दो पल ठहरकर उन्हें महसूस कर लेना एक मामूली लम्हे को छोटी-सी रहमत बना देता है।
Thankful for the helpers	मदद करने वालों का शुक्र
Gratitude naturally widens to include the people who care for you, the ones who cook, drive, and check in. A silent thank-you for them is part of a grateful heart.	शुक्र अपने आप फैलकर उन लोगों तक पहुँच जाता है जो आपका ख़याल रखते हैं — जो खाना बनाते हैं, गाड़ी चलाते हैं, हाल पूछ लेते हैं। उनके लिए मन ही मन कहा गया शुक्रिया भी शुक्रगुज़ार दिल का हिस्सा है।
A heart at ease	चैन से भरा दिल
It is often felt that a grateful heart is a calmer one, less gripped by what is missing. Counting what is good, even briefly, can loosen the hold of a hard day.	अक्सर कहा जाता है कि शुक्रगुज़ार दिल ज़्यादा शांत रहता है, जो नहीं है उसकी पकड़ में कम आता है। जो अच्छा है उसे थोड़ी देर के लिए भी गिन लेना किसी भारी दिन की जकड़ ढीली कर देता है।
Asking for a gentle birth	आसान जन्म की दुआ
Many quietly ask for a safe and gentle arrival, returning to that hope whenever the day ahead feels daunting. Shaping your own short wish for it can be steadying.	बहुत-सी माएँ चुपचाप एक सलामत और आसान आगमन की दुआ माँगती हैं, और जब भी आने वाला दिन डरा दे, उसी उम्मीद पर लौट आती हैं। इसके लिए अपनी एक छोटी-सी दुआ गढ़ लेना मन को थाम लेता है।
Thanks for ordinary days	आम दिनों का शुक्र
Not every day needs a milestone to be worth gratitude; an ordinary, uneventful day is itself a gift in pregnancy. A calm day is a good day, and worth a quiet thank-you.	हर दिन में कोई बड़ी बात हो तभी शुक्र बनता है — ऐसा नहीं है; गर्भावस्था में तो एक आम, बिना हलचल वाला दिन ख़ुद एक तोहफ़ा है। शांत दिन अच्छा दिन होता है, और एक धीमे शुक्रिया का हक़दार भी।
Prayer in your own language	अपनी ही ज़बान में दुआ
Heartfelt words count in any language and any form; sincerity matters far more than eloquence. Speak however feels natural, and trust that it is enough.	दिल से निकले लफ़्ज़ किसी भी ज़बान में, किसी भी तरह कहे जाएँ, गिने जाते हैं — सच्चाई की क़ीमत सजावट से कहीं ज़्यादा है। जैसे आपको सहज लगे वैसे कहिए, और भरोसा रखिए कि इतना काफ़ी है।
Gratitude for nourishment	खाने का शुक्र
Each meal that nourishes you and your baby is a small mercy worth noticing. Before you eat, a moment of thanks can turn the food into care for two.	हर वह थाली जो आपको और आपके बच्चे को पोसती है, एक छोटी रहमत है — उसे देख लेना बनता है। खाने से पहले एक पल का शुक्र उस खाने को दो जनों की देखभाल बना देता है।
Patience, asked for gently	सब्र, नरमी से माँगा हुआ
On the long days, some ask simply for patience, for the strength to keep waiting well. It is an honest, human thing to request, and a gentle one to grant yourself.	लंबे दिनों में कुछ लोग बस सब्र माँग लेते हैं — इतनी हिम्मत कि इंतज़ार ढंग से कट जाए। यह माँगना बहुत सच्ची और इंसानी बात है, और ख़ुद को देने लायक़ भी।
Held through uncertainty	अनजानी बातों के बीच भी थामे हुए
A comforting belief is that you are watched over even in the unknowns you cannot control. Resting in that sense of being held can ease a restless mind.	एक तसल्ली देने वाला यक़ीन यह है कि जो आपके बस में नहीं, उन अनजानी बातों में भी कोई आपका ख़याल रख रहा है। थामे जाने के इस एहसास में टिक जाना बेचैन मन को हल्का कर देता है।
A whispered hope for your baby	बच्चे के लिए धीरे से कही गई दुआ
Many like to send a small, sincere hope toward their baby, for health, for peace, for a good life. Whispered with a hand on your bump, it is a tender daily habit.	बहुत-सी माएँ अपने बच्चे की तरफ़ एक छोटी, सच्ची दुआ भेजना पसंद करती हैं — सेहत की, सुकून की, एक अच्छी ज़िंदगी की। पेट पर हाथ रखकर धीरे से कही गई यह बात रोज़ की एक कोमल आदत बन जाती है।
Thankful after the scan	स्कैन के बाद का शुक्र
A reassuring scan is a natural moment to pause and be grateful, to breathe out and say thank you. Letting relief turn into gratitude makes the good news land more fully.	तसल्ली देने वाला स्कैन ठहरकर शुक्र करने का सहज मौक़ा है — एक लंबी साँस छोड़िए और शुक्रिया कह दीजिए। राहत को शुक्र में बदल जाने देना अच्छी ख़बर को मन में पूरी तरह बैठा देता है।
The Prophet's gentleness (reflections)	पैग़ंबर की नरमी (कुछ विचार)
Gentleness with children	बच्चों के साथ नरमी
The example most often highlighted is one of remarkable gentleness, tenderness toward children and care for mothers. Reflecting on that softness is a lovely model for the parent you are becoming.	जिस मिसाल की सबसे ज़्यादा बात होती है, वह गहरी नरमी की है — बच्चों के लिए कोमलता और माँओं का ख़याल। उस नरमी पर थोड़ा ठहरकर सोचना उस माँ के लिए एक प्यारा नमूना है जो आप बन रही हैं।
Mercy first	पहले रहम
Mercy and compassion are placed above harshness in this tradition. As you imagine raising your child, leading with mercy, patience over perfection, is a gentle north star.	इस परंपरा में रहम और करुणा को सख़्ती से ऊपर रखा गया है। जब आप अपने बच्चे को पालने की कल्पना करती हैं, तो पहले रहम — सबकुछ ठीक-ठाक करने से ज़्यादा सब्र — एक नरम ध्रुवतारा बन जाता है।
Honour to mothers	माँओं का मान
Mothers are held in especially high regard, their care for their children deeply honoured. Let that be a reminder that the love and effort you are pouring out right now matters enormously.	माँओं को ख़ास ऊँचा दर्जा दिया गया है, और बच्चों के लिए की गई उनकी देखभाल की गहरी क़द्र है। इसे एक याद दिलावा मानिए कि इस वक़्त आप जो प्यार और मेहनत उँडेल रही हैं, उसकी क़ीमत बहुत बड़ी है।
Kindness as worship	नेकी भी इबादत है
Everyday kindness, to family, neighbours and strangers, is treated as a form of devotion. The quiet care you give and receive in these months is part of that same thread.	रोज़मर्रा की नेकी — घरवालों के लिए, पड़ोसियों के लिए, अनजानों के लिए — इबादत की ही एक शक्ल मानी जाती है। इन महीनों में आप जो चुपचाप देखभाल देती और लेती हैं, वह उसी धागे का हिस्सा है।
A calm household	शांत घर
Calm, kindness and good manners at home are valued highly. Building a gentle, warm atmosphere now is a gift your baby will be born into.	घर में शांति, नरमी और अच्छे तौर-तरीक़ों की बड़ी क़द्र है। अभी से एक नरम, गर्मजोशी भरा माहौल बना लेना वह तोहफ़ा है जिसमें आपका बच्चा जन्म लेगा।
Leading with tenderness	कोमलता के साथ आगे
The example most reflected on is one of deep tenderness, meeting others, especially children, with softness. Imagining that gentleness is a lovely way to picture the parent you are becoming.	जिस मिसाल पर सबसे ज़्यादा सोचा जाता है, वह गहरी कोमलता की है — दूसरों से, ख़ासकर बच्चों से, नरमी के साथ मिलना। उस नरमी की कल्पना करना उस माँ को देखने का प्यारा तरीक़ा है जो आप बन रही हैं।
Patience over anger	ग़ुस्से पर सब्र
Responding to difficulty with patience rather than anger is a quality often admired. In the harder moments of these months, choosing the calmer response is its own quiet strength.	मुश्किल का जवाब ग़ुस्से से नहीं, सब्र से देना — इस ख़ूबी की अक्सर तारीफ़ होती है। इन महीनों के कठिन पलों में शांत जवाब चुन लेना ख़ुद एक चुपचाप निभाई गई ताक़त है।
A smile as kindness	एक मुस्कान भी नेकी है
Even a warm smile is remembered as a small act of kindness worth giving freely. The gentle warmth you offer others ripples further than you know.	एक गर्मजोशी भरी मुस्कान को भी छोटी-सी नेकी माना गया है, जिसे खुले दिल से बाँटना चाहिए। आप दूसरों को जो नरम अपनापन देती हैं, वह आपकी सोच से कहीं दूर तक फैलता है।
Mothers especially honoured	माँओं का ख़ास दर्जा
Mothers are spoken of with particular tenderness and high regard. Let that settle in: the care you are pouring out, unseen, is held as deeply precious.	माँओं का ज़िक्र ख़ास कोमलता और ऊँचे मान के साथ किया जाता है। इस बात को मन में बैठ जाने दीजिए — आप जो देखभाल बिना किसी की नज़र में आए उँडेल रही हैं, उसे बहुत क़ीमती माना गया है।
Gentle words	नरम बोल
Kind, gentle speech is valued over harshness, even when correcting. A soft home, built on gentle words, is a calm place for a baby to arrive into.	टोकते वक़्त भी सख़्त लहजे से ज़्यादा नरम, मीठे बोल की क़द्र है। नरम बोल से बना हुआ घर बच्चे के आने के लिए एक शांत जगह होता है।
Forgiving easily	आसानी से माफ़ कर देना
Letting go of small wrongs rather than holding them is treated as a strength. Releasing old irritations makes room for a lighter, calmer heart now.	छोटी-मोटी बातें पकड़कर रखने के बजाय छोड़ देना ताक़त मानी जाती है। पुरानी खीझ को जाने देने से अभी एक हल्के, शांत दिल के लिए जगह बन जाती है।
Care for the vulnerable	कमज़ोरों का ख़याल
Special care for the weak, the young and the tired runs through these reflections. In pregnancy, letting yourself be one of the gently-cared-for is entirely fitting.	कमज़ोरों, बच्चों और थके हुए लोगों का ख़ास ख़याल इन विचारों में जगह-जगह मिलता है। गर्भावस्था में ख़ुद को भी उन्हीं में गिन लेना, जिनका नरमी से ख़याल रखा जाता है, बिल्कुल ठीक है।
Generosity of spirit	दिल की दरियादिली
Giving freely, in small ways, without keeping score, is much admired. The open-handed love you are already growing for your baby is this same generous spirit.	बिना हिसाब रखे, छोटी-छोटी बातों में खुले हाथ से देना बहुत सराहा गया है। अपने बच्चे के लिए आप जो खुले दिल का प्यार अभी से पाल रही हैं, वह इसी दरियादिली का रूप है।
Calm in difficulty	मुश्किल में भी शांत
Staying steady and gentle even under strain is a quality often highlighted. You are carrying so much and still being tender, which is exactly this kind of grace.	बोझ के बीच भी टिके रहना और नरम बने रहना — इस ख़ूबी की अक्सर बात होती है। आप इतना कुछ उठाए हुए हैं और फिर भी कोमल हैं; यही तो वह ख़ूबसूरती है।
Good character over grand deeds	बड़े कामों से बढ़कर अच्छा किरदार
It is everyday good character, honesty, kindness, patience, that is most treasured, not grand gestures. The small, decent choices you make now are quietly shaping your child's world.	सबसे ज़्यादा क़ीमत रोज़मर्रा के अच्छे किरदार की है — सच्चाई, नेकी, सब्र — न कि बड़े-बड़े कामों की। अभी आप जो छोटे-छोटे भले फ़ैसले लेती हैं, वही चुपचाप आपके बच्चे की दुनिया गढ़ रहे हैं।
Welcoming children close	बच्चों को पास बुलाना
Children were welcomed warmly and kept close, never seen as a nuisance. It is a sweet model for the patient, present parent you are becoming.	बच्चों का गर्मजोशी से स्वागत होता था और उन्हें पास रखा जाता था, कभी झंझट नहीं समझा गया। यह उस सब्र वाली, हाज़िर माँ के लिए एक प्यारा नमूना है जो आप बन रही हैं।
Humility	विनम्रता
Humbleness, never thinking yourself above others, is gently admired. There is rest in it too, the freedom of not having to prove anything.	विनम्रता — ख़ुद को कभी दूसरों से ऊपर न समझना — को नरमी से सराहा गया है। इसमें एक आराम भी है: कुछ साबित करते रहने से छुट्टी।
Keeping promises	वादा निभाना
Keeping one's word, even in small things, is treated as a mark of good character. The quiet promises you are already making to your baby are part of that.	छोटी-छोटी बातों में भी अपनी बात पर टिके रहना अच्छे किरदार की निशानी माना गया है। अपने बच्चे से आप जो चुपचाप वादे अभी से कर रही हैं, वे भी इसी में आते हैं।
Comfort for the grieving	ग़म में साथ
Sitting with those in pain and offering simple comfort is remembered as a kindness. Knowing how to be present for sorrow is a gift you can carry into family life.	दुख में डूबे किसी के पास बैठ जाना और सीधा-सादा दिलासा दे देना एक नेकी के तौर पर याद किया जाता है। ग़म के वक़्त साथ खड़े होना आना वह तोहफ़ा है जिसे आप अपने परिवार में भी ले जा सकती हैं।
Mercy as the first response	पहला जवाब रहम
Leading with mercy rather than judgement is a recurring theme. As you imagine raising your child, mercy first is a gentle north star to keep.	फ़ैसला सुनाने से पहले रहम — यह बात बार-बार लौटकर आती है। बच्चे को पालने की कल्पना करते हुए पहले रहम को एक नरम ध्रुवतारा बनाकर रखिए।
Beautiful names & their meaning	ख़ूबसूरत नाम और उनके मायने
Choosing a meaningful name	मायने वाला नाम चुनना
Choosing a baby's name with care and meaning is a cherished part of welcoming a child. It is a small act of hope, a wish in a single word for who they might become.	बच्चे का नाम सोच-समझकर और मायनों के साथ चुनना उसके स्वागत का एक प्यारा हिस्सा है। यह उम्मीद का छोटा-सा काम है — एक ही लफ़्ज़ में यह दुआ कि वह कैसा इंसान बने।
Names of mercy and peace	रहम और सुकून वाले नाम
Many beloved names carry meanings like mercy, peace, light and gratitude. Even if you choose a different name entirely, dwelling on qualities you wish for your child is a sweet thing to do.	बहुत-से प्यारे नामों के मायने रहम, सुकून, रौशनी और शुक्र जैसे होते हैं। आप चाहे बिल्कुल कोई और नाम चुनें, अपने बच्चे के लिए जो ख़ूबियाँ चाहती हैं उन पर थोड़ा ठहर जाना अपने आप में मीठा है।
A name as a quiet prayer	नाम, एक चुपचाप कही गई दुआ
For many, a name is a kind of quiet prayer said over a lifetime; every time it is spoken, a good wish goes with it. It is worth choosing something you will love to say a thousand times.	बहुतों के लिए नाम ज़िंदगी भर दोहराई जाने वाली एक चुपचाप दुआ है — जब भी वह पुकारा जाता है, एक नेक ख़्वाहिश उसके साथ चलती है। ऐसा नाम चुनना बनता है जिसे हज़ार बार कहकर भी आपका मन न भरे।
Light and hope	रौशनी और उम्मीद
Names connected to light and hope are widely loved. Your baby is, in a real sense, a new light coming into your family, a hopeful beginning.	रौशनी और उम्मीद से जुड़े नाम बहुत पसंद किए जाते हैं। सच पूछिए तो आपका बच्चा आपके परिवार में आती हुई एक नई रौशनी ही है — एक उम्मीद भरी शुरुआत।
A family conversation	घर भर की बात
Picking a name often becomes a warm family conversation, full of stories and meanings. Letting loved ones share in it is part of the joy.	नाम चुनना अक्सर घर भर की एक गर्मजोशी भरी बातचीत बन जाता है, क़िस्सों और मायनों से भरी हुई। अपनों को इसमें शामिल कर लेना भी उसी ख़ुशी का हिस्सा है।
A wish in one word	एक लफ़्ज़ में एक दुआ
A name is often chosen as a small wish for who a child might become. Turning meanings over in your mind is already a loving act of hope.	नाम अक्सर इसी छोटी दुआ के साथ चुना जाता है कि बच्चा कैसा इंसान बने। मन ही मन मायनों को पलटते रहना ख़ुद उम्मीद से भरा एक प्यार भरा काम है।
Names of peace	सुकून वाले नाम
Many cherished names carry meanings like peace and calm. Dwelling on the qualities you hope for your child is a sweet way to choose.	बहुत-से पसंदीदा नामों के मायने सुकून और शांति जैसे होते हैं। जो ख़ूबियाँ आप अपने बच्चे में देखना चाहती हैं, उन पर ठहरकर सोचना चुनने का एक मीठा तरीक़ा है।
A name you will love to say	वह नाम जिसे पुकारना अच्छा लगे
You will speak this name thousands of times, so choosing one you love the sound of matters. Say your favourites aloud and notice which ones feel like home.	यह नाम आप हज़ारों बार पुकारेंगी, इसलिए ऐसा चुनना मायने रखता है जिसकी आवाज़ आपको भाए। अपने पसंदीदा नाम ज़ोर से बोलकर देखिए और महसूस कीजिए कि कौन-सा अपने घर जैसा लगता है।
Meaning over fashion	चलन नहीं, मायने
Choosing for meaning rather than trend is a cherished approach. A name with a tender meaning ages beautifully.	चलन देखकर नहीं, मायने देखकर चुनना एक प्यारा तरीक़ा माना जाता है। कोमल मायनों वाला नाम उम्र के साथ और ख़ूबसूरत लगता है।
Names of gratitude	शुक्र वाले नाम
Some names carry the sense of a gift received or a prayer answered. If your baby feels like exactly that, such a name can hold the whole story.	कुछ नामों में यह एहसास बसा होता है कि कोई तोहफ़ा मिला है, या कोई दुआ क़बूल हुई है। अगर आपका बच्चा आपको ठीक वैसा ही लगता है, तो ऐसा नाम पूरी कहानी अपने अंदर समेट लेता है।
Light coming in	आती हुई रौशनी
Names linked to light are widely loved. Your baby truly is a new light arriving into your family.	रौशनी से जुड़े नाम बहुत पसंद किए जाते हैं। आपका बच्चा सचमुच आपके परिवार में आती हुई एक नई रौशनी है।
A name and a blessing	नाम और दुआ
For many, speaking a child's name is like sending a small good wish each time. Choose something you will be glad to bless again and again.	बहुतों के लिए बच्चे का नाम पुकारना हर बार एक छोटी नेक दुआ भेजने जैसा है। ऐसा नाम चुनिए जिसे बार-बार दुआ देते हुए आपको ख़ुशी हो।
Grandparents' hopes	दादा-दादी, नाना-नानी की उम्मीदें
Inviting grandparents into the naming carries their love forward to the new child. Their blessing, woven into a name, stretches back through generations.	नाम चुनने में दादा-दादी और नाना-नानी को शामिल करना उनके प्यार को नए बच्चे तक पहुँचा देता है। नाम में गुँथी हुई उनकी दुआ पीढ़ियों पीछे तक जाती है।
Writing it down	उसे लिखकर देखना
Seeing the name written, beside a tiny due date, can make the coming arrival feel suddenly real. It is a quiet, happy moment to let yourself have.	नाम को लिखा हुआ देखना, उसके बगल में छोटे-से अक्षरों में लिखी डिलीवरी की तारीख़ — और आने वाला दिन अचानक सच लगने लगता है। यह एक शांत, ख़ुशी भरा लम्हा है, इसे ख़ुद से मत छीनिए।
A name that can grow	वह नाम जो साथ-साथ बड़ा हो
It is kind to choose a name that suits both a small baby and the grown person they will become. Picturing them at every age can help you choose well.	ऐसा नाम चुनना अच्छा होता है जो नन्हे बच्चे पर भी जँचे और उस बड़े इंसान पर भी जो वह बनेगा। हर उम्र में उसे मन में देख लेना सही चुनाव में मदद करता है।
The meaning you give it	वह मायना जो वह ख़ुद भर देगा
In time, your child will fill their name with their own meaning, simply by being themselves. The name is a beginning; they make it theirs.	वक़्त के साथ आपका बच्चा अपने नाम में अपने ही मायने भर देगा — बस वैसा होकर, जैसा वह है। नाम तो शुरुआत है; उसे अपना वही बनाता है।
Saying it for the first time	पहली बार पुकारना
There is a particular sweetness in saying your baby's name out loud for the first time. It turns an idea into someone you are waiting for.	अपने बच्चे का नाम पहली बार ज़ोर से कहने में एक अलग ही मिठास है। उसी पल एक ख़याल किसी ऐसे इंसान में बदल जाता है जिसका आप इंतज़ार कर रही हैं।
A shortlist of hopes	उम्मीदों की एक छोटी-सी सूची
Even a shortlist of names is really a little list of hopes. However you narrow it, each option carries a wish for your child.	नामों की छोटी सूची असल में उम्मीदों की ही सूची होती है। आप उसे जैसे भी छाँटें, हर नाम में आपके बच्चे के लिए एक दुआ छिपी है।
No rush to decide	तय करने की कोई जल्दी नहीं
There is no need to settle on a name before you are ready; some meet their baby first and choose then. Trust that the right one will come.	मन तैयार होने से पहले नाम तय कर लेने की कोई ज़रूरत नहीं; कुछ माएँ पहले बच्चे से मिलती हैं, फिर नाम चुनती हैं। भरोसा रखिए, सही नाम अपने आप आ जाएगा।
A sound full of love	प्यार से भरी एक आवाज़
However it is chosen, a name becomes beautiful mostly through the love poured into saying it. Yours will be one of the warmest words your child ever hears.	नाम चाहे जैसे भी चुना जाए, ख़ूबसूरत वह ज़्यादातर उस प्यार से होता है जो उसे पुकारते हुए उसमें उँडेला जाता है। आपकी आवाज़ में वह नाम आपके बच्चे के सुने हुए सबसे गर्म लफ़्ज़ों में से एक होगा।
Family & kindness	परिवार और नेकी
Held by community	अपनों का सहारा
Family and community are encouraged to support an expectant mother, easing her load and treating her gently. Letting people help you is not weakness; it is how this is meant to work.	परिवार और आस-पास के लोगों से कहा गया है कि होने वाली माँ का साथ दें, उसका बोझ हल्का करें और उसके साथ नरमी से पेश आएँ। लोगों को मदद करने देना कमज़ोरी नहीं है — यह सब चलता ही ऐसे है।
Generosity at new life	नई ज़िंदगी पर दरियादिली
New life is often marked with generosity, sharing food, giving to those in need, spreading the joy outward. Kindness has a way of multiplying happiness.	नई ज़िंदगी के आने को अक्सर दरियादिली से मनाया जाता है — खाना बाँटना, ज़रूरतमंदों को देना, ख़ुशी को बाहर तक फैलाना। नेकी में ख़ुशी को बढ़ा देने की आदत होती है।
Good company	अच्छा साथ
Keeping calm, good-hearted company is valued, especially in tender times. Surround yourself with people who soothe rather than stress you.	शांत और नेकदिल लोगों का साथ रखना सराहा जाता है, ख़ासकर ऐसे नाज़ुक दिनों में। अपने इर्द-गिर्द ऐसे लोग रखिए जो मन को सुकून दें, तनाव नहीं।
Caring for yourself counts	अपना ख़याल भी गिना जाता है
Looking after your own body and heart, with rest, good food and a peaceful mind, is treated as part of caring for your child, not separate from it. Be as kind to yourself as you would be to someone you love.	अपने शरीर और अपने मन का ख़याल रखना — आराम, अच्छा खाना और शांत मन — बच्चे की देखभाल से अलग नहीं, उसी का हिस्सा माना जाता है। ख़ुद के साथ उतनी ही नरमी बरतिए जितनी आप किसी अपने के साथ बरततीं।
Welcoming with warmth	गर्मजोशी से स्वागत
When the baby arrives, traditions of welcome centre on warmth, gratitude and gentle blessing. The thread through it all is simple: this child is loved.	बच्चा जब आता है, तो स्वागत के सारे रिवाज गर्मजोशी, शुक्र और नरम दुआओं के इर्द-गिर्द घूमते हैं। इन सबके बीच से गुज़रता धागा एक ही है — इस बच्चे को बहुत चाहा गया है।
Let people carry some weight	थोड़ा बोझ दूसरों को उठाने दीजिए
Family is encouraged to ease an expectant mother's load, and accepting that help is wise, not weak. Letting others carry a little is how this is meant to work.	परिवार से कहा गया है कि होने वाली माँ का बोझ हल्का करे, और उस मदद को क़बूल कर लेना समझदारी है, कमज़ोरी नहीं। थोड़ा बोझ दूसरों को उठाने देना — यह सब चलता ही ऐसे है।
Joy shared widens	बाँटी हुई ख़ुशी बढ़ जाती है
Happy news is meant to be spread, and joy tends to grow when shared. Letting people celebrate with you doubles the gladness.	ख़ुशख़बरी फैलाने के लिए ही होती है, और ख़ुशी बाँटने से बढ़ती है। लोगों को अपने साथ जश्न मनाने देना ख़ुशी को दुगुना कर देता है।
The kindness of neighbours	पड़ोसियों की नेकी
Care for neighbours and those nearby is valued, a circle of looking out for one another. Leaning on that circle now is part of belonging to it.	पड़ोसियों और आस-पास वालों का ख़याल रखने की क़द्र है — एक ऐसा घेरा जिसमें सब एक-दूसरे को देखते रहते हैं। अभी उस घेरे का सहारा ले लेना भी उसी में शामिल होने का हिस्सा है।
A meal brought over	घर आया हुआ खाना
Sharing food, especially with a tired new family, is a simple, treasured kindness. If someone offers, let them; a warm meal is real care.	खाना बाँटना, ख़ासकर किसी थके हुए नए परिवार के साथ, एक सीधी-सादी और बेशक़ीमती नेकी है। कोई पूछे तो मना मत कीजिए — गरम खाना सचमुच की देखभाल है।
Visiting with gentleness	नरमी से मिलने आना
Visiting a new mother gently, briefly, helpfully, is a kindness worth knowing. You can ask for that kind of visit, and decline the draining kind.	नई माँ से नरमी से, थोड़ी देर के लिए और काम आने के इरादे से मिलने जाना एक ऐसी नेकी है जो सबको आनी चाहिए। आप ऐसी ही मुलाक़ात माँग सकती हैं, और जो थका दे उसे मना भी कर सकती हैं।
Kindness multiplies	नेकी बढ़ती जाती है
A small kindness given tends to ripple outward to others. The gentleness you receive now you will pass on, and so it grows.	एक छोटी-सी नेकी आगे दूसरों तक लहर बनकर पहुँच जाती है। अभी जो नरमी आपको मिल रही है, वही आप आगे बाँटेंगी — और यूँ ही वह बढ़ती जाती है।
Caring for yourself is caring for your baby	अपना ख़याल रखना बच्चे का ख़याल रखना है
Looking after your own rest, food and peace is treated as part of caring for your child, not apart from it. Be as gentle with yourself as with someone you love.	अपने आराम, अपने खाने और अपने सुकून का ध्यान रखना बच्चे की देखभाल से अलग नहीं, उसी का हिस्सा माना जाता है। ख़ुद के साथ उतनी ही नरमी बरतिए जितनी किसी अपने के साथ।
A warm home	गर्मजोशी भरा घर
A calm, kind atmosphere at home is valued highly. The gentle mood you build now is the world your baby will be born into.	घर का शांत और नेक माहौल बहुत क़ीमती माना जाता है। अभी आप जो नरम मिज़ाज बना रही हैं, वही वह दुनिया है जिसमें आपका बच्चा जन्म लेगा।
Raising a kind child	एक नेकदिल बच्चा पालना
Children learn kindness most by being surrounded by it. The warmth in your home today is already quietly teaching.	बच्चे नेकी सबसे ज़्यादा उसी माहौल में रहकर सीखते हैं जहाँ नेकी हो। आपके घर की आज की गर्माहट अभी से चुपचाप सिखा रही है।
Hospitality of the heart	दिल की मेहमाननवाज़ी
Welcoming others warmly, making room, offering comfort, is a cherished value. The same open-hearted welcome is what you are preparing for your baby.	दूसरों का गर्मजोशी से स्वागत करना, जगह बना देना, दिलासा देना — इसकी बड़ी क़द्र है। वही खुले दिल वाला स्वागत आप अपने बच्चे के लिए तैयार कर रही हैं।
Asking for help is okay	मदद माँगना ठीक है
There is no shame in needing help while you grow a baby; it is a season for receiving. Asking is its own quiet courage.	बच्चे को पालते हुए मदद की ज़रूरत पड़े तो इसमें शर्म की कोई बात नहीं; यह मौसम ही लेने का है। माँग लेना ख़ुद एक चुपचाप निभाई गई हिम्मत है।
Gratitude to those who love you	अपनों का शुक्रिया
Pausing to thank the people who support you strengthens those bonds. A simple word of thanks is never wasted.	जो लोग आपका साथ देते हैं, उन्हें ठहरकर शुक्रिया कह देना रिश्तों को और मज़बूत करता है। शुक्रिया का एक सीधा-सा लफ़्ज़ कभी बेकार नहीं जाता।
Gentle with the tired	थके हुओं के साथ नरमी
Extra patience for those who are weary, including yourself, is part of this kindness. On low-energy days, soften your expectations.	थके हुए लोगों के लिए थोड़ा ज़्यादा सब्र — और उनमें आप ख़ुद भी शामिल हैं — इसी नेकी का हिस्सा है। जिन दिनों ताक़त कम हो, ख़ुद से उम्मीदें नरम कर लीजिए।
A circle around the cradle	पालने के चारों ओर एक घेरा
New life is meant to be met by a whole circle of care, not one pair of hands. Letting that circle form around you is a gift to your baby too.	नई ज़िंदगी का स्वागत देखभाल के पूरे घेरे से होना चाहिए, सिर्फ़ एक जोड़ी हाथों से नहीं। उस घेरे को अपने चारों ओर बन जाने देना आपके बच्चे के लिए भी एक तोहफ़ा है।
Small acts, big love	छोटे काम, बड़ा प्यार
It is the steady small kindnesses, not grand gestures, that hold a family together. The little daily cares you give and receive are the real thing.	परिवार को बड़े-बड़े काम नहीं, रोज़ की छोटी-छोटी नेकियाँ जोड़े रखती हैं। रोज़ जो नन्हा-सा ख़याल आप देती और पाती हैं, असली बात वही है।
Sikhism	सिख धर्म
A calm, grateful mind and the dignity of motherhood.	शांत, शुक्रगुज़ार मन और माँ होने का मान।
The Gurus' wisdom	गुरुओं की सीख
Everyone equal, everyone worthy	सब बराबर, सबका मान
A cornerstone of Sikh teaching is the equal worth and dignity of every person, and women and mothers are honoured fully. Carry yourself with that confidence: what you are doing matters, and you deserve care.	सिख सीख की एक बुनियाद यह है कि हर इंसान का मोल और मान बराबर है, और औरतों तथा माँओं का पूरा सम्मान है। उसी भरोसे के साथ चलिए — जो आप कर रही हैं वह मायने रखता है, और आपकी देखभाल होनी ही चाहिए।
Honest, simple living	सादा और सच्चा जीवन
Living honestly and simply, and sharing what you have, is treasured. In pregnancy that can look like a calmer, less cluttered rhythm, fewer demands and more of what truly nourishes.	सच्चाई और सादगी से जीना, और जो है उसे बाँटना — इसकी बड़ी क़द्र है। गर्भावस्था में यह एक शांत, कम भरी-भरी रफ़्तार जैसा दिख सकता है: कम माँगें, और वह ज़्यादा जो सचमुच पोसता है।
Gratitude as a way of life	शुक्र, जीने का ढंग
Thankfulness runs through this tradition like a quiet melody, a habit of noticing the good. A grateful heart tends to be a calmer one, and your baby shares that calm.	इस परंपरा में शुक्र किसी धीमी धुन की तरह बहता है — अच्छाई को देख लेने की आदत। शुक्रगुज़ार मन ज़्यादा शांत रहता है, और आपका बच्चा भी उसी शांति में साँस लेता है।
Courage and grace together	हिम्मत और नरमी, साथ-साथ
There is a beautiful balance here of courage and gentleness, strength held with grace. Pregnancy asks for exactly that mix, and you have more of it than you know.	यहाँ हिम्मत और नरमी का एक ख़ूबसूरत तालमेल है — ताक़त, जिसे कोमलता के साथ थामा गया हो। गर्भावस्था ठीक यही मेल माँगती है, और यह आपके पास आपकी सोच से कहीं ज़्यादा है।
The sacred in the ordinary	रोज़ के भीतर छिपी पवित्रता
Much of this wisdom finds the sacred in everyday life, in honest work, family and small kindnesses. The ordinary days of these months are quietly holy too.	इस सीख का बड़ा हिस्सा पवित्रता को रोज़मर्रा में ही ढूँढ़ता है — ईमानदार काम में, परिवार में, छोटी-छोटी नेकियों में। इन महीनों के आम दिन भी चुपचाप पवित्र हैं।
Your worth is settled	आपका मोल तय है
A cornerstone here is the equal, unshakeable worth of every person. Whatever the day brings, your value, and your baby's, is never in question.	यहाँ एक बुनियादी बात यह है कि हर इंसान का मोल बराबर है और अटल है। दिन कैसा भी हो, आपकी और आपके बच्चे की क़ीमत कभी सवालों में नहीं आती।
Honest, simple days	सादे, सच्चे दिन
Living simply and honestly is treasured. In pregnancy that can mean a calmer, less cluttered rhythm, more of what nourishes and less of what drains.	सादगी और सच्चाई से जीने की बड़ी क़द्र है। गर्भावस्था में इसका मतलब हो सकता है एक शांत, कम भरी-भरी रफ़्तार — वह ज़्यादा जो पोसता है, वह कम जो निचोड़ता है।
Rising spirits	हौसला बुलंद रखना
There is a beloved idea of keeping the spirit bright and hopeful even through hardship. On heavy days, gently choosing hope is itself an act of strength.	एक बहुत प्यारा ख़याल यह है कि मुश्किल में भी मन का हौसला चमकता और उम्मीद से भरा रहे। भारी दिनों में धीरे से उम्मीद चुन लेना ख़ुद ताक़त का काम है।
Gratitude woven through	शुक्र, हर धागे में गुँथा हुआ
Thankfulness runs through this tradition like a quiet melody. A grateful heart tends to be calmer, and your baby shares that calm.	इस परंपरा में शुक्र किसी धीमी धुन की तरह बहता है। शुक्रगुज़ार मन ज़्यादा शांत रहता है, और आपका बच्चा भी उसी शांति में साँस लेता है।
Strength and grace together	ताक़त और नरमी, साथ-साथ
Courage held with gentleness is a beautiful balance here. Pregnancy asks for exactly that mix, and you carry more of it than you know.	नरमी के साथ थामी गई हिम्मत — यहाँ यही ख़ूबसूरत तालमेल है। गर्भावस्था ठीक यही मेल माँगती है, और यह आप अपनी सोच से कहीं ज़्यादा लिए चल रही हैं।
The holy in plain days	सादे दिनों में पवित्रता
The sacred is found woven through ordinary life here. The unremarkable days of pregnancy hold their own quiet grace.	यहाँ पवित्रता आम ज़िंदगी में ही गुँथी हुई मिलती है। गर्भावस्था के वे दिन, जिनमें कुछ ख़ास नहीं होता, अपनी एक चुपचाप ख़ूबसूरती रखते हैं।
Share what you have	जो है, बाँटिए
Sharing freely with others is central to this way of life. Even in a tiring season, small generosity keeps the heart open.	खुले हाथ से बाँटना इस जीवन-ढंग के बीचोंबीच है। थका देने वाले दिनों में भी छोटी-सी दरियादिली दिल को खुला रखती है।
One human family	एक ही इंसानी परिवार
A deep theme is the oneness of all people, one human family. Your child is joining a wide circle that stretches far beyond your home.	एक गहरी बात यह है कि सब लोग एक हैं — एक ही इंसानी परिवार। आपका बच्चा एक ऐसे बड़े घेरे में शामिल हो रहा है जो आपके घर से कहीं दूर तक फैला है।
Women deeply honoured	औरतों का गहरा मान
This tradition honours women and mothers fully and without reservation. Carry yourself with that dignity; what you are doing is held as precious.	यह परंपरा औरतों और माँओं का पूरा मान करती है, बिना किसी शर्त के। उसी मान के साथ चलिए — जो आप कर रही हैं, उसे बेशक़ीमती माना गया है।
Work, worship, share	मेहनत, सिमरन, बाँटना
A simple rhythm is treasured: honest work, a grateful heart, and sharing with others. It is a gentle frame for an ordinary, meaningful day.	एक सीधी-सादी लय की क़द्र है — ईमानदार मेहनत, शुक्रगुज़ार मन, और दूसरों के साथ बाँटना। यह एक आम लेकिन मायने भरे दिन का नरम ढाँचा है।
Contentment as wealth	संतोष ही असली दौलत
Being at peace with what is, is seen as a deep kind of richness. Small this-is-enough moments are worth savouring amid the unknowns.	जो है उसी में चैन पा लेना एक गहरी दौलत माना जाता है। अनजानी बातों के बीच वे छोटे-छोटे पल, जब लगता है इतना काफ़ी है, धीरे-धीरे जीने लायक़ हैं।
Fearless, gentle love	निडर, कोमल प्यार
Love here is both fearless and tender, brave and soft at once. That is exactly the love already forming for your baby.	यहाँ प्यार निडर भी है और कोमल भी — एक ही साथ बहादुर और नरम। ठीक ऐसा ही प्यार आपके भीतर अपने बच्चे के लिए अभी से बन रहा है।
Truthful living	सच्चा जीवन
Living truthfully, in word and deed, is valued above show. The honest, steady choices you make now become ground your child will stand on.	बोल और काम, दोनों में सच्चाई से जीना दिखावे से ऊपर रखा गया है। अभी आप जो ईमानदार, टिके हुए फ़ैसले लेती हैं, वही वह ज़मीन बनते हैं जिस पर आपका बच्चा खड़ा होगा।
Humble and upright	विनम्र और सीधा
Humility paired with quiet strength is admired. There is rest in not needing to prove anything, only to live well.	विनम्रता के साथ चुपचाप वाली ताक़त — इसकी बड़ी सराहना है। कुछ साबित न करना पड़े, बस ढंग से जी लेना हो — इसमें अपना ही आराम है।
Hope as a discipline	उम्मीद, एक अभ्यास की तरह
Keeping hope alive, almost as a practice, is cherished here. You can return to hope again and again, like coming back to a warm room.	उम्मीद को ज़िंदा रखना, लगभग एक अभ्यास की तरह — यहाँ इसे बहुत माना जाता है। आप बार-बार उम्मीद पर लौट सकती हैं, जैसे किसी गर्म कमरे में लौट आती हों।
Inner calm & remembrance	भीतर की शांति और सिमरन
Returning to a still centre	अपने ठहरे हुए केंद्र पर लौटना
Gentle remembrance, quietly bringing the mind back to a still, grateful centre, is a loved practice. It is a bit like meditation: not emptying the mind, just returning to calm whenever it wanders.	नरम सिमरन — मन को चुपचाप एक ठहरे हुए, शुक्रगुज़ार केंद्र पर लौटा लाना — बहुत प्यारा अभ्यास माना जाता है। यह कुछ-कुछ ध्यान जैसा है: मन को ख़ाली करना नहीं, बस जब-जब वह भटके, शांति पर लौट आना।
A settled, hopeful mind	ठहरा हुआ, उम्मीद भरा मन
Keeping a steady, hopeful mind is valued over anxious striving. When worry rises, you can let it pass like a cloud and settle again into trust.	बेचैन भागदौड़ से ज़्यादा क़द्र एक टिके हुए, उम्मीद भरे मन की है। जब फ़िक्र उठे, उसे बादल की तरह गुज़र जाने दीजिए और फिर भरोसे में बैठ जाइए।
Contentment	संतोष
Contentment, being at peace with what is, is held as a deep kind of wealth. Even amid the unknowns of pregnancy, small moments of this-is-enough are worth savouring.	संतोष — जो है उसी में चैन पा लेना — एक गहरी दौलत माना गया है। गर्भावस्था की अनजानी बातों के बीच भी वे छोटे पल, जब लगता है इतना काफ़ी है, धीरे-धीरे जीने लायक़ हैं।
Calm you can share	वह शांति जो बँट जाती है
A peaceful inner state is not only for you; it ripples outward to those around you, including the little one you carry. Tending your calm is a gift you are already giving.	भीतर का सुकून सिर्फ़ आपका नहीं रहता; वह लहर बनकर आस-पास वालों तक पहुँचता है, और उस नन्हे तक भी जिसे आप लिए चल रही हैं। अपनी शांति को सँभालना ख़ुद एक तोहफ़ा है, जो आप अभी से दे रही हैं।
Letting go of fear	डर को जाने देना
This tradition gently encourages trust over fear, leaning on something larger than yourself. On heavy days, it can help simply to set a worry down and breathe.	यह परंपरा नरमी से कहती है कि डर की जगह भरोसा रखिए, और अपने से बड़े किसी सहारे पर टिक जाइए। भारी दिनों में बस एक फ़िक्र नीचे रख देना और साँस ले लेना ही काफ़ी मदद कर देता है।
Coming back to centre	केंद्र पर वापसी
Gently bringing the mind back to a still, grateful centre is a loved practice. Like meditation, it is not about emptying the mind, just returning to calm.	मन को नरमी से एक ठहरे हुए, शुक्रगुज़ार केंद्र पर लौटा लाना एक प्यारा अभ्यास है। ध्यान की तरह, इसमें मन को ख़ाली नहीं करना होता — बस शांति पर लौट आना होता है।
A steady, hopeful mind	टिका हुआ, उम्मीद भरा मन
A settled, hopeful mind is valued over anxious striving. When worry rises, you can let it drift past like a cloud and settle again.	बेचैन भागदौड़ से ज़्यादा क़द्र एक ठहरे हुए, उम्मीद भरे मन की है। जब फ़िक्र उठे, उसे बादल की तरह बहकर निकल जाने दीजिए और फिर से ठहर जाइए।
Remembrance as comfort	सिमरन, एक तसल्ली
Quietly remembering what is good and larger than yourself can steady a restless heart. A few calm minutes of it can soften a hard afternoon.	जो अच्छा है और जो आपसे बड़ा है, उसे चुपचाप याद कर लेना बेचैन मन को थाम लेता है। ऐसे कुछ शांत मिनट किसी भारी दोपहर को नरम कर देते हैं।
Calm that ripples	शांति, जो फैलती है
Your inner peace does not stay with you alone; it reaches the little one you carry. Tending your calm is already a gift to your baby.	आपके भीतर का सुकून सिर्फ़ आप तक नहीं रुकता; वह उस नन्हे तक भी पहुँचता है जिसे आप लिए चल रही हैं। अपनी शांति सँभालना अभी से आपके बच्चे के लिए एक तोहफ़ा है।
Setting fear down	डर को नीचे रख देना
Trust over fear is gently encouraged here. On anxious days, simply setting a worry down and breathing can be enough.	यहाँ नरमी से कहा गया है कि डर की जगह भरोसा रखिए। घबराहट वाले दिनों में बस एक फ़िक्र नीचे रख देना और साँस ले लेना ही काफ़ी होता है।
The ease of repetition	दोहराने का सुकून
Softly repeating a word or phrase you love can settle a busy mind, much like a lullaby. Choose your own gentle words and return to them.	अपना कोई पसंदीदा शब्द या वाक्य धीरे-धीरे दोहराते रहना भागते हुए मन को बैठा देता है, ठीक किसी लोरी की तरह। अपने नरम शब्द ख़ुद चुन लीजिए और बार-बार उन्हीं पर लौटिए।
Right here, right now	यहीं, इसी पल
Returning to the present moment, this breath, this room, is calming and always available. The future will keep; you only have to meet now.	इसी पल पर लौट आना — इसी साँस पर, इसी कमरे पर — मन को शांत करता है, और यह हमेशा हाथ में रहता है। आने वाला कल रुका रहेगा; आपको बस अभी से मिलना है।
Stillness as strength	ठहराव ही ताक़त है
Quiet stillness is treasured, not as doing nothing but as gathering yourself. A few still minutes a day strengthen you for the rest.	शांत ठहराव को क़ीमती माना गया है — कुछ न करना नहीं, बल्कि ख़ुद को समेट लेना। दिन में कुछ ठहरे हुए मिनट बाक़ी सारे दिन के लिए ताक़त दे जाते हैं।
Breath as an anchor	साँस, एक लंगर की तरह
Slow, even breathing is one of the simplest ways back to calm. Lengthening the out-breath a little quietly shares that ease with your baby.	धीमी और बराबर साँस शांति पर लौटने का सबसे आसान रास्ता है। छोड़ी जाने वाली साँस को थोड़ा लंबा कर देना वही सुकून चुपचाप आपके बच्चे तक पहुँचा देता है।
Gratitude as remembrance	शुक्र भी एक सिमरन है
Recalling small blessings is itself a kind of remembrance that lifts the heart. Naming one good thing can shift a whole mood.	छोटी-छोटी रहमतों को याद कर लेना ख़ुद एक तरह का सिमरन है, जो मन को उठा देता है। एक अच्छी बात का नाम ले लेना पूरा मिज़ाज बदल सकता है।
A quieter morning	थोड़ी शांत सुबह
Beginning the day with a little stillness sets a gentler tone for all that follows. Even five quiet minutes before the rush can help.	दिन की शुरुआत थोड़े ठहराव से करना आगे के सारे घंटों का सुर नरम कर देती है। भागदौड़ शुरू होने से पहले के पाँच शांत मिनट भी बहुत हैं।
Peace, not perfection	सुकून चाहिए, सबकुछ ठीक-ठाक नहीं
The aim is a peaceful heart, not a perfectly tidy mind. Some wandering is normal; the practice is simply coming back.	मक़सद एक शांत दिल है, पूरी तरह सुलझा हुआ मन नहीं। मन का थोड़ा भटकना आम बात है; अभ्यास तो बस लौट आने का है।
Held by something larger	किसी बड़े सहारे में थमा हुआ
Leaning on something larger than yourself can ease the weight you carry. You are not holding all of this alone.	अपने से बड़े किसी सहारे पर टिक जाना उस बोझ को हल्का कर देता है जो आप उठाए हुए हैं। यह सब आप अकेले नहीं थामे हुए हैं।
Letting the day soften	दिन को नरम पड़ने देना
Easing into evening with a calm wind-down helps both body and mind settle. Dimming the lights and slowing your breath signals it is safe to rest.	शाम में धीरे-धीरे उतरना, रफ़्तार कम करते हुए, शरीर और मन दोनों को बैठा देता है। रौशनी मद्धम कर देना और साँस धीमी कर लेना शरीर को बता देता है कि अब आराम करना सुरक्षित है।
Contentment, returned to	संतोष, जिस पर बार-बार लौटा जाता है
Contentment is less a feeling that arrives and more a place you return to. Each return, however brief, is worth it.	संतोष कोई ऐसा एहसास नहीं जो आ जाए — वह एक ऐसी जगह है जहाँ बार-बार लौटा जाता है। हर लौटना, चाहे कितना भी छोटा हो, अपने आप में क़ीमती है।
Seva & community	सेवा और संगत
Service with love	प्यार से की गई सेवा
Selfless service, helping others without expecting anything back, is central to Sikh life. The unseen care you give your baby every day is service of the purest kind.	निस्वार्थ सेवा — बिना कुछ वापस चाहे दूसरों की मदद करना — सिख जीवन के बीचोंबीच है। अपने बच्चे के लिए आप रोज़ जो अनदेखी देखभाल करती हैं, वह सबसे शुद्ध क़िस्म की सेवा है।
The shared meal	साझा लंगर
The tradition of a free community kitchen, where all sit together as equals and are fed, is much loved. Its spirit, everyone welcome and everyone cared for, is a beautiful one to bring into your home.	लंगर की परंपरा — जहाँ सब बराबरी से एक साथ बैठते हैं और सबको खाना मिलता है — बहुत प्यारी मानी जाती है। उसकी भावना, कि हर कोई अपना है और हर किसी का ख़याल रखा जाए, अपने घर में ले आने लायक़ है।
Lean on your community	अपनी संगत का सहारा लीजिए
Just as service is given, it is also meant to be received. Letting your community support you now is part of the same circle of care.	सेवा जितनी दी जाती है, उतनी ही लेने के लिए भी होती है। अभी अपनी संगत को अपना साथ देने देना उसी देखभाल के घेरे का हिस्सा है।
Small kindnesses	छोटी-छोटी नेकियाँ
Grand gestures are not required; small, steady kindnesses are the heart of it. A warm word, a helping hand, a shared meal, these are enough.	बड़े-बड़े कामों की ज़रूरत नहीं; छोटी और लगातार नेकियाँ ही इसका दिल हैं। एक गर्म बोल, एक मदद का हाथ, एक साथ खाया गया खाना — इतना काफ़ी है।
Caring for others is something children learn by watching. The gentleness you live now quietly plants those seeds in your little one.	दूसरों का ख़याल रखना बच्चे देखकर सीखते हैं। आप अभी जो नरमी जीती हैं, वह चुपचाप आपके नन्हे में वही बीज बो देती है।
Service, freely given	बिना शर्त की सेवा
Selfless service, helping with no thought of reward, is central here. The unseen care you give your baby each day is service of the purest kind.	निस्वार्थ सेवा — बिना किसी बदले की सोच के मदद करना — यहाँ सबसे बीच में है। अपने बच्चे के लिए रोज़ की जाने वाली आपकी अनदेखी देखभाल सबसे शुद्ध क़िस्म की सेवा है।
Everyone at one table	सब एक ही पंगत में
The tradition of a shared meal where all sit as equals is much loved. Its spirit, everyone welcome, everyone fed, is a beautiful one to bring home.	साझा खाने की वह परंपरा, जहाँ सब बराबरी से एक साथ बैठते हैं, बहुत प्यारी मानी जाती है। उसकी भावना — हर कोई अपना, हर किसी का पेट भरा — घर ले आने लायक़ है।
Receiving is part of it	लेना भी उसी का हिस्सा है
Service is given, but it is also meant to be received with grace. Letting your community support you now completes the circle.	सेवा दी जाती है, पर उसे नरमी से क़बूल भी करना होता है। अभी अपनी संगत को अपना साथ देने देना उस घेरे को पूरा कर देता है।
Small, steady kindness	छोटी, लगातार नेकी
Grand gestures are not required; small, steady kindnesses are the heart of it. A warm word or a helping hand is enough.	बड़े-बड़े कामों की ज़रूरत नहीं; छोटी और लगातार नेकियाँ ही इसका दिल हैं। एक गर्म बोल या एक मदद का हाथ ही काफ़ी है।
Kindness, caught not taught	नेकी सिखाई नहीं जाती, देखी जाती है
Children learn care most by watching it lived. The gentleness around your home today is already planting seeds.	बच्चे ख़याल रखना सबसे ज़्यादा उसे जीते हुए देखकर सीखते हैं। आपके घर में आज जो नरमी है, वह अभी से बीज बो रही है।
Serving without a spotlight	बिना दिखावे की सेवा
The quiet, unseen service often matters most, given without needing thanks. So much of mothering is exactly this, and it counts.	चुपचाप, बिना किसी की नज़र में आए की गई सेवा अक्सर सबसे बड़ी होती है — जिसमें शुक्रिया की चाह भी नहीं होती। माँ होने का बहुत बड़ा हिस्सा ठीक यही है, और वह गिना जाता है।
A welcome for everyone	सबके लिए खुला दरवाज़ा
A spirit of welcome, making room for whoever comes, runs through community life. The same open-hearted welcome is what you are preparing for your baby.	जो भी आए उसके लिए जगह बना देने की भावना संगत के जीवन में हर जगह मिलती है। वही खुले दिल वाला स्वागत आप अपने बच्चे के लिए तैयार कर रही हैं।
Let others help	दूसरों को मदद करने दीजिए
Accepting help while you grow a baby is wise and gracious. People who love you want to serve; let them.	बच्चे को पालते हुए मदद क़बूल कर लेना समझदारी भी है और शालीनता भी। जो लोग आपसे प्यार करते हैं, वे सेवा करना चाहते हैं; उन्हें करने दीजिए।
Gratitude to your helpers	मदद करने वालों का शुक्रिया
Pausing to thank those who care for you strengthens the bond. A simple thank-you keeps the circle warm.	जो आपका ख़याल रखते हैं, उन्हें ठहरकर शुक्रिया कह देना रिश्ते को मज़बूत करता है। एक सीधा-सा शुक्रिया पूरे घेरे को गर्म रखता है।
Feeding body and heart	तन भी भरे, मन भी
Caring for others' simple needs, a meal, a rest, a listening ear, is treasured. Receiving that care now is part of the same goodness.	दूसरों की सीधी-सादी ज़रूरतों का ख़याल रखना — एक थाली, थोड़ा आराम, सुनने वाला एक कान — बहुत क़ीमती माना जाता है। अभी वही देखभाल पा लेना भी उसी भलाई का हिस्सा है।
No one carries alone	कोई अकेले नहीं उठाता
Community exists so that no one bears joy or hardship by themselves. Letting yourself be carried a little is the tradition working as intended.	संगत इसीलिए होती है कि ख़ुशी हो या मुश्किल, कोई उसे अकेले न उठाए। ख़ुद को थोड़ा सहारा लेने देना उस परंपरा का ठीक वैसे ही चलना है, जैसे उसे चलना चाहिए।
The joy of giving	देने की ख़ुशी
There is a quiet gladness in giving that the tradition knows well. Even small acts of care lift the giver too.	देने में एक चुपचाप ख़ुशी है, जिसे यह परंपरा बख़ूबी जानती है। ख़याल रखने के छोटे काम भी देने वाले का मन उठा देते हैं।
Gentle with the weary	थके हुओं पर नरमी
Extra kindness for the tired, including yourself, fits this spirit. On low days, soften what you ask of yourself.	थके हुए लोगों के लिए थोड़ी ज़्यादा नेकी — और उनमें आप ख़ुद भी हैं — इसी भावना में बैठती है। कमज़ोर दिनों में ख़ुद से जो माँगती हैं, उसे नरम कर लीजिए।
Planting kindness early	नेकी के बीज, अभी से
The care your child sees now becomes the care they give later. You are quietly raising a kind person already.	आपका बच्चा अभी जो ख़याल देखता है, वही आगे चलकर वह दूसरों को देता है। आप अभी से चुपचाप एक नेकदिल इंसान पाल रही हैं।
A circle of hands	हाथों का एक घेरा
New life is meant to be met by many willing hands, not one. Letting that circle form around you blesses your baby too.	नई ज़िंदगी का स्वागत कई तैयार हाथों से होना चाहिए, सिर्फ़ एक से नहीं। उस घेरे को अपने चारों ओर बन जाने देना आपके बच्चे के लिए भी आशीर्वाद है।
Naming & blessings	नाम रखना और आशीर्वाद
Naming within the community	संगत के बीच नाम रखना
A well-loved custom is choosing the baby's name together within the community, in a spirit of blessing. It is a warm, shared welcome for the new child.	एक बहुत प्यारा रिवाज यह है कि बच्चे का नाम संगत के बीच, आशीर्वाद के भाव के साथ, मिलकर चुना जाए। यह नए बच्चे के लिए एक गर्मजोशी भरा, साझा स्वागत होता है।
A name with meaning	मायने वाला नाम
Names are often chosen for their meaning and the good wishes they carry. Picking something that holds hope for your child is a sweet, lasting gift.	नाम अक्सर उनके मायनों और उनमें बसी नेक कामनाओं को देखकर चुने जाते हैं। ऐसा नाम चुनना जिसमें आपके बच्चे के लिए उम्मीद हो, एक मीठा और हमेशा साथ रहने वाला तोहफ़ा है।
Blessings all around	चारों ओर आशीर्वाद
New life is met with blessings and good wishes from family and community. Receiving them, and believing them, is part of the joy.	नई ज़िंदगी का स्वागत परिवार और संगत के आशीर्वाद और नेक कामनाओं से होता है। उन्हें ले लेना, और उन पर यक़ीन कर लेना, इसी ख़ुशी का हिस्सा है।
Welcomed as equal and whole	बराबर और पूरा, पहले दिन से
A child is welcomed as a full, equal member of the community from the very start. Your baby belongs, simply by arriving.	बच्चे का स्वागत पहले ही दिन से संगत के एक पूरे, बराबर सदस्य की तरह होता है। आपका बच्चा बस आ जाने भर से अपना है।
Joy shared widely	दूर तक बाँटी गई ख़ुशी
Happy news is meant to be shared, the joy spread outward. Letting others celebrate with you doubles the gladness.	ख़ुशख़बरी बाँटने के लिए ही होती है, ख़ुशी बाहर तक फैलाने के लिए। दूसरों को अपने साथ जश्न मनाने देना ख़ुशी दुगुनी कर देता है।
A name chosen together	मिलकर चुना गया नाम
Choosing a baby's name within the warmth of community is a loved custom. It is a shared welcome for the new child.	संगत की गर्माहट के बीच बच्चे का नाम चुनना एक प्यारा रिवाज है। यह नए बच्चे का साझा स्वागत होता है।
Meaning that lasts	वह मायना जो ठहरता है
Names chosen for their meaning carry quiet wishes for years. Something hopeful is a gift that ages well.	मायने देखकर चुने गए नाम सालों तक चुपचाप कामनाएँ लिए चलते हैं। उम्मीद से भरा नाम ऐसा तोहफ़ा है जो वक़्त के साथ और अच्छा लगता है।
Showered with blessings	आशीर्वादों की बौछार
New life draws blessings from family and community alike. Receiving them, and believing them, is part of the joy.	नई ज़िंदगी परिवार और संगत, दोनों से आशीर्वाद खींच लाती है। उन्हें ले लेना, और उन पर यक़ीन कर लेना, इसी ख़ुशी का हिस्सा है।
Belonging from the start	शुरू से ही अपना
A child is welcomed as a full, equal member from the very beginning. Your baby belongs simply by arriving.	बच्चे का स्वागत शुरू से ही एक पूरे, बराबर सदस्य की तरह होता है। आपका बच्चा बस आ जाने भर से अपना है।
Joy spread wide	ख़ुशी, दूर तक
Happy news is meant to be shared outward. Letting others rejoice with you multiplies the gladness.	ख़ुशख़बरी बाहर तक बाँटने के लिए होती है। दूसरों को अपने साथ ख़ुश होने देना ख़ुशी को कई गुना कर देता है।
Good wishes in a name	नाम में बसा आशीर्वाद
A name can hold a quiet good wish, spoken every time it is said. Choose one you will be glad to repeat with love.	नाम अपने भीतर एक चुपचाप नेक कामना रख सकता है, जो हर बार पुकारे जाने के साथ कही जाती है। ऐसा नाम चुनिए जिसे प्यार से बार-बार दोहराने में आपको ख़ुशी हो।
Said with love	प्यार से पुकारा गया
The way a name is first spoken, with tenderness, sets the tone. Your baby's name will be one of the softest words you say.	नाम पहली बार जिस कोमलता से कहा जाता है, वही आगे का सुर तय कर देती है। आपके बच्चे का नाम आपके कहे सबसे नरम लफ़्ज़ों में से एक होगा।
Elders' blessings	बड़ों का आशीर्वाद
The blessings of grandparents and elders are treasured at every milestone. Their love, spoken or simply felt, wraps your baby warmly.	हर पड़ाव पर दादा-दादी, नाना-नानी और बड़ों का आशीर्वाद बहुत क़ीमती माना जाता है। उनका प्यार, चाहे कहा जाए या बस महसूस हो, आपके बच्चे को गर्म चादर की तरह ढक लेता है।
A warm welcome readied	तैयार होता हुआ स्वागत
Welcoming customs centre on warmth, gratitude and gentle blessing. You are already preparing that welcome in your heart.	स्वागत के रिवाज गर्मजोशी, शुक्र और नरम आशीर्वाद के इर्द-गिर्द घूमते हैं। वह स्वागत आप अपने मन में अभी से तैयार कर रही हैं।
Gratitude at the threshold	दहलीज़ पर शुक्र
New arrivals are met with thankfulness for the gift of life. A grateful heart makes the welcome fuller.	नए आने वालों का स्वागत ज़िंदगी के तोहफ़े के लिए शुक्र के साथ होता है। शुक्रगुज़ार मन उस स्वागत को और भरा-पूरा बना देता है।
A fresh beginning	एक नई शुरुआत
Each new child is a fresh beginning for a whole family. Your baby brings a new chapter, and new hope, to everyone.	हर नया बच्चा पूरे परिवार के लिए एक नई शुरुआत होता है। आपका बच्चा सबके लिए एक नया अध्याय और नई उम्मीद लेकर आ रहा है।
Celebrating together	साथ मिलकर मनाई गई ख़ुशी
Joy is meant to gather people, so no one celebrates alone. Letting your community share the happiness is part of the gift.	ख़ुशी लोगों को जोड़ने के लिए होती है, ताकि कोई अकेले जश्न न मनाए। अपनी संगत को इस ख़ुशी में शामिल कर लेना भी उसी तोहफ़े का हिस्सा है।
A name that fits a life	वह नाम जो पूरी ज़िंदगी साथ चले
Choosing a name that suits both a tiny baby and the grown person to come is kind. Picture them at every age as you choose.	ऐसा नाम चुनना अच्छा होता है जो नन्हे बच्चे पर भी जँचे और आगे बनने वाले बड़े इंसान पर भी। चुनते वक़्त उसे हर उम्र में मन में देख लीजिए।
Blessings spoken over you	आपके लिए भी आशीर्वाद
Blessings are often spoken over the mother too, wishes for peace and strength. Receiving them, you are reminded you are held.	आशीर्वाद अक्सर माँ के लिए भी कहे जाते हैं — सुकून और हिम्मत की कामनाएँ। उन्हें लेते हुए आपको याद आ जाता है कि आपको भी थामा गया है।
Wanted and loved	चाहा गया, और बहुत प्यारा
Under every custom is one simple message: this child is wanted and loved. That truth is worth resting in.	हर रिवाज के नीचे एक ही सीधा-सा संदेश है — इस बच्चे को चाहा गया है और उससे बहुत प्यार किया जाता है। इस सच में टिक जाना अच्छा लगता है।
